,id,title,author,day,genre,story,platform,thumb
0,1,이번 생은 가주가 되겠습니다,"앤트스튜디오,몬,김로아",월,로판,"“…한번 해 보자. 내가 가주가 되는 거야.”

제국에서 제일가는 가문, 롬바르디의 사생아로 환생한 피렌티아.
게다가 이 가문은 막대한 부는 물론 외교와 문화까지 통달한
말그대로 제국의 역사 자체!

금수저 오브 금수저 인생 당첨!
앞으로는 탄탄대로일 거라 생각했는데….
아버지는 돌아가시고, 친척들은 문전박대,
거기다 그 잘나가던 가문까지 쫄딱 망해 버릴 줄이야!!

분통을 터트리며 술을 조금(?) 많이 마시며 돌아가는 길,
마차에 치여버리기까지!

“이건 해도 해도 너무하잖아….”

하지만 원망도 잠시, 눈을 뜨니 일곱 살로 돌아왔다?!
사랑하는 아버지를 다시 보는 것도 믿기지 않는데,
내가 아버지와 가문을 살릴 수도 있다고?

거기다 회귀 전 가문의 원수,
2황자가 대형견마냥 졸졸 쫓아다니기까지?!

좋아, 이렇게 된 거 2황자도 가문도 다 내 거다!

환생에 회귀까지, 인생 3회차 피렌티아의 가주되기 프로젝트!

**************************

[표지 및 타이틀 로고 디자인] 조정원

**************************

웹툰 [이번 생은 가주가 되겠습니다]는 매주 월요일, 주1회 연재됩니다.",카카오 웹툰,https://dn-img-page.kakao.com/download/resource?kid=bXtxpT/hzN2hYnygX/dIpdFOEOrYAyfehnSQ8EG0&filename=th3
1,2,취준끝에 재벌2세,"콩새,땅콩새",월,웹툰,"취직을 위해 악착같이 노력했지만,
현실은 빽도 운도 없는 가난한 취준생.
영양실조로 쓰러지는 순간까지 돈 걱정.

깨어나니 대한민국 최고 재벌가의 딸이자,
평판이 땅에 떨어진 프로 갑질러 싸이코 악녀
최시아의 몸에 빙의해버렸다!

그저 달콤한 꿈인 줄 알았는데,
내가 면접 봤던 회사의 경영자 자리를 쟁취하라니!
곤란할 때 나타나 퀸 메이커를 자처하는 남자.
‘강지후.’

“그러니까 하시죠, 저랑.”

계약 연애로 나를 탑전자 경영자로 만들어주겠다는데,
자꾸 ‘선’을 넘어 마음을 흔든다.
계약 연애도 정신없는데, 최시아의 ‘펫’까지.

“남의 몸으로 엮이는 건 사절인데,
남의 몸으로 어디까지 하는 거야?!”

속고 속이는 아슬아슬 체인지 로맨스의 끝은!?

----------------------------------------------------
<취준끝에 재벌2세>는 매주 월요일(일요일 22:00)에 연재됩니다.",카카오 웹툰,https://dn-img-page.kakao.com/download/resource?kid=c8GvAx/hzVqHif0wF/WKyMznkZx19pcJADsGMo5k&filename=th3
2,3,빙의검신,"마감과도덕,유한검,서준백",월,액션무협,"7급 공무원이었던 내가 대제갈세가의 망나니 대공자가 됐다고?!

죽기 아니면 까무러치기로
스펙을 쌓아 얻은 7급 공무원 생활,
여유를 즐길 주말만 기다리던 내게……

-백리진이오

내게 찾아온 《영웅로》의 주인공, 백리진
아니, 정신을 차려 보니 내가 소설 속에 있었다
어릴 적 가문의 과분한 투자와 사랑을 받았으나
이제는 질풍노도의 시기를 겪는 망나니,
눈 뜨고 주인공에게 기연을 빼앗기는 엑스트라……
그리고 십 년 후, 혈마교에 멸문당할 제갈세가의 대공자로!

지옥 같은 입시 경쟁을 뚫고 나온 프로 노력러,
이제 무림을 준동시킨다!",카카오 웹툰,https://dn-img-page.kakao.com/download/resource?kid=eThy5/hzR1TNudwm/eHkQztH92g5CgRJfwCGRSK&filename=th3
3,4,처형당할 운명을 바꿔 보겠습니다,"이리태,이서,우아연",월,로판,"황태자비로서의 첫날밤.

내 손에 들린 단검은 남편의 피로 붉게 물들어 있었다.
평생 나를 냉대해 오던 남자의 뜨거운 피가.

황태자를 시해한 죄로 처형당하던 그 순간,
다시 태어난다면 절대 그의 아내가 되지 않겠노라 다짐했다.

그렇게 주어진 또 한 번의 기회.
나는 모든 걸 되돌리려 한다.
이 구역의 미친 영애가 되어서라도!

그런데 뭐지? 왜 자꾸 다들 나를 찬양하는 거야?

“내 악혼녀가 되길 거부한다면 내가 직접 그대를 황태자비로 삼겠다.”

게다가 날 냉대하던 황태자는 왜 이러는거야!?",카카오 웹툰,https://dn-img-page.kakao.com/download/resource?kid=boiJl8/hyZIczgTpi/ECewJA4V4jBxs2QiLYDZs1&filename=th3
4,5,남주의 여자사람친구가 되었다,"꼬리,햇살수인",월,로판,"미친 외모의 남주, 루드릭 바우저.
…를 짝사랑하는 여자사람친구로 환생해 버렸다?!

주인공들의 사랑놀음에 이용당할 운명이라니…
나, 달리아 에이버린은 금수저 라이프를 만끽하며
세계 각국의 미남들과 뜨거운 연애를 할 거야!

그런데………

“안녕하세요, 바우저 영애.”
“……으아앙!”

여자애로 착각해 울려 버렸다?

그 후 친해진 것도 잠시,
전쟁으로 헤어졌다 다시 만난 남주는……

“못 본 새 눈이 많이 낮아졌나 봐, 에이버린 공녀."" 

왜 내 연애 사업을 방해하고 난리야!
우리 그냥 친구 사이 아니었니?

안 돼! 이번 생에는
남주의 가'족'같은 친구가 되어주겠어!",카카오 웹툰,https://dn-img-page.kakao.com/download/resource?kid=dDanph/hzMT5lt8xO/E2HAZZmLbGpcKikUqVSKnk&filename=th3
5,6,묵향 다크레이디,"이재헌,구깃,전동조",월,소년,"마교의 교주로서 극강의 무공을 자랑하던 묵향은 적들(혈교)에 의해 생전 처음 보는 생소한 이세계(판타지 세계)로 떨어지게 된다. 그곳에서 엘프, 마법사, 기사, 드래곤 등 새로운 존재들과 만나며... 무림 최고수 묵향이 원래 자신의 세상(무림)으로 돌아가기 위해 긴 모험을 떠나게 된다는 스토리.

한국의 무협소설과 판타지 문학을 사랑하는 수많은 독자들이 기다려왔던 초대형 이벤트― 웹툰계를 뒤흔들 다시없을 프로젝트가 시작된다! 
1999년부터 시작된 전설, 누계부수 300만부... 무협소설과 판타지문학을 접목시킨 기념비적인 장르소설인 [묵향]이 드디어 만화화!! 

한국 무협판타지의 한 획을 그었던 전동조 작가의 메가히트 장르소설 [묵향]을 만화화! 만화의 내용은 원작의 2부격인 [다크레이디] 편에서부터 시작한다.",카카오 웹툰,https://dn-img-page.kakao.com/download/resource?kid=bRsIke/hyoXBaoZrt/TWbrWl7ATyqkfxIiDdOKn0&filename=th3
6,7,모시던 아가씨가 도련님이 되어버렸다,"시그마,태비의별",월,로판,"조연에 빙의한 지 9년 차, 모시던 아가씨가 도련님이 되어 찾아왔다.

*

원작 여주인공의 시녀 생활을 청산한 지도 4년.
웬 잘생긴 남자가 찾아왔다.
그것도, 내가 모시던 아가씨를 닮은 남자가.

“약속을 지키러 왔어, 블레아. 나와 평생을 함께하겠다고 했잖아.”
“설마… 아가씨?”

순간, 남자의 붉은 눈에 이채가 돌았다.
코앞까지 다가온 그가 고개를 기울여 내 머리카락에 입 맞췄다.
그리고 속삭였다.
아주 다정하고 아름다운 목소리로.

“이젠 도련님이라 불러야지.”

……네?

*

원작대로라면 여주인공, 클로이는 후회에 찌든 가족들을 거느리고
남주인공 후보들과 해피라이프를 즐길 수 있었다.

하지만 연재 중지되었던 원작 소설에는 큰 비밀이 있었으니……
여주인공이 알고 보니 남자라면 어떻게 되는 거지?

“크… 클로드, 가족들에게 가보지 않아도 괜찮아요?”
“말했잖아. 필요 없어.”
“그럼 저번에 그 남자분들은…….”
“지금 내 앞에서 다른 남자 이야기를 하겠다고?”

…그 남자들이 원래 당신이랑 이어져야 했을 남주인공들인데요.

“나는 너만 있으면 돼. 다른 건 알 바 아냐.”

가족 후회물의 주인공께서 모든 걸 다 뻥 차 버리고 내 곁에 있겠다고 선언했다.

“그러니, 블레아. 너도 나만 보는 거야.”

전에 없이 다정한 눈 속에 집착이 가득했다.


*********************

로판 화제작 태비의별 작가님의 <모시던 아가씨가 도련님이 되어버렸다> 본격 웹툰화!
빙의된 하녀 블레아와 츤데레 클로이의 티키타카 찐케미를 만나보세요!!

*********************",카카오 웹툰,https://dn-img-page.kakao.com/download/resource?kid=euvP1/hzwBrxfmXc/tqnDffni9OPR2c9Ab5IDYk&filename=th3
7,8,세이렌: 악당과 계약가족이 되었다,"생얌,포야,설이수",월,로판,"아리아는 계약 결혼을 제안했다.
그것도, 악마에게 영혼을 팔았다는 발렌타인의 대공자에게.
자신을 지키고, 그를 지키기 위해서.

[나와 결혼해.]

아리아는 단풍잎 같은 손으로, 쪽지와 함께 혼인 서약서를 내밀었다.

[계약 결혼이니까 10년 뒤에 이혼…….]

그러자 어린 대공자는 쓰고 있던 쪽지를 빼앗아 쫙쫙 찢으며 말했다.

“그래서, 도장은 어디에 찍으면 되지?”

“크면 이혼해주겠다고 했잖아.”

어느새 훌쩍 자란 악마 대공이, 그녀의 머리카락 위에 경건하게 입을 맞추며 말했다.

“어른이 되었으니 어른의 계약을 해야지.”",카카오 웹툰,https://dn-img-page.kakao.com/download/resource?kid=j4Du5/hzMT8Itm2t/EGmlkoyuEgF4OqPNJmQKKk&filename=th3
8,9,후작가의 역대급 막내아들,"케이,넉울히",월,소년,"명망있는 후작가의 막내아들 잭 발란티에.
남들 보다 못한 가족들 사이에서 유일하게 의지했던 건 누나 뿐!
가문 따위야 멸문을 하든 말든 미련이 없었지만,
누나의 죽음이 헛된 희생인 걸 알게 된 후,
오로지 복수만을 위한 검귀가 되었다.
마침내 서대륙을 지배하는
돌칸 제국을 무너뜨리고, 시산혈해 위의 괴물이 되었을 땐,
다가온 죽음을 겸허히 받아 들였다.

그런데!

14살, 과거로 돌아왔다!
그래, 이건 후회뿐이던 과거를 바로 잡을 기회다.
이번 생엔 두 번 다시 내 사람들을 잃지 않겠다!

후작가의 역대급 막내아들의 통쾌한 회귀 스토리가 시작된다!!

***************************************

넉울히작가님의 인기 웹소설 <후작가의 역대급 막내아들>을 웹툰으로 만나보세요!

***************************************",카카오 웹툰,https://dn-img-page.kakao.com/download/resource?kid=dMdb7V/hzVqGi8HBB/K7m2RtWQmUS9dlGmkrL840&filename=th3
9,10,불패검선,"FIST CAT,김찬영,적하",월,액션무협,"시골 객점의 아들 송우문.
어릴 적부터 몸이 약했던 그는
어느 날 노도사가 그려 주고 간
산수화를 보고 바보가 된다.

그렇게 동네에선 바보라 놀림받고
부모에겐 한심한 아들로 자라지만

스무 살이 되던 날!
각성과 함께 산수화 속 절대무공을 꽃피운다!",카카오 웹툰,https://dn-img-page.kakao.com/download/resource?kid=cOE0QJ/hzR1T7F8vf/gtVTv377ZmYqLiCaL51sWk&filename=th3
10,11,만 년 만에 귀환한 플레이어,"맹주경(Terapin),4PLAYER(Terapin),나비계곡",월,소년,"어느 날, 갑작스럽게 지옥으로 떨어졌다. 
가진 것은 살고 싶다는 갈망과 포식의 권능 뿐.
 
일천의 지옥부터 구천의 지옥까지. 수만, 수십만의 악마를 잡아먹었고. 
마침내 일곱 대공까지 그 앞에 무릎을 꿇었다.
 
""어째서 돌아가려고 하십니까? 
왕께서는 이미 지옥의 모든 것을 가지고 계시지 않습니까.""

""가지긴 뭘 다 가져.""

먹을 것도, 즐길 것도 없다! 
지옥에 있는 거라고는 황량한 대지와 끔찍한 악마 뿐! 

""난 돌아갈 거야."" 

만 년이라는 아득한 시간 만에 그가 지구로 귀환한다.


그러나.. 지구는 자신이 그동안 알던 지구가 아니었다.",카카오 웹툰,https://dn-img-page.kakao.com/download/resource?kid=T7d2h/hzCtg4Md5j/a1qkeU1lK9SnpDdWK6fyV0&filename=th3
11,12,레벨업 못하는 플레이어,"앵무새,박정재,스튜디오 크힛,가빈지",월,소년,"18세의 나이에 '플레이어'로 각성한 김기규.

'탑'을 오르고 '게이트'를 닫으며 인생이 탄탄대로일 줄 알았는데...

튜토리얼을 아무리 클리어해도 레벨1.

1일 1고블린을 해도 레벨1.

5년이 지나도 레벨1.

""누가 알았겠냐고, 이런 플레이어가 있는지.""

그 누구도 몰랐다.

탑을 뒤흔들 레벨1의 역대급 반전 능력을!",카카오 웹툰,https://dn-img-page.kakao.com/download/resource?kid=cF2Trm/hzCs8ZQlp3/9EqP2I1QMiqCdilzoDjgj0&filename=th3
12,13,4000년 만에 귀환한 대마도사,"따개비,김덕용(REDICE STUDIO),낙하산",월,웹툰,"웨스트로드 아카데미의 열등생, 블레이크 가문의 수치.
괴로운 삶을 이기지 못해 죽음을 선택한
프레이 블레이크의 몸에 새로운 영혼이 깃든다.
?
“뭐야, 이 몸뚱이는?
하나부터 열까지 손 봐야겠군.”
?
대마도사 루카스 트로우맨.
?
열등생 프레이 블레이크의 육체로 복수의 기회를 얻다!
?
4000년의 시간을 넘어 귀환한
대마도사의 화려한 액션이 시작된다!",카카오 웹툰,https://dn-img-page.kakao.com/download/resource?kid=1je9W/hzMT1JBwqZ/Cqgi0gb1ISf538eXMoyPK0&filename=th3
13,14,태극무존,황성,"월, 수",웹툰,"자폐아로 태어나, 말도 성장도 느렸던 소년 청풍.

무당파의 귀인들을 만나 모두가 아끼는 보석으로 자라며
정파의 여섯 무군, 나이에 어울리지 않는 무위로 이름을 휘날린 상식 초월 괴물들과도 인연을 맺게 된다.

그리고 때마침 무림에 나타난 마교와 일대의 결전을 벌이게 되는데...!
청풍과 육신군의 유쾌 통쾌 강호 전성기!",카카오 웹툰,https://dn-img-page.kakao.com/download/resource?kid=bdvD1I/hyZIaBo4Fc/KALP5XC7KoQFP3d3vHWGK0&filename=th3
14,15,남주를 주웠더니 남편이 생겨버렸다,"마리씨,서촌,초암",월,로판,"'허영심에 가득 찬 웨르아젤 프로시에' 

그것이 내 별명이었다.
정확히 말하자면 내가 빙의하기 전 웨르아젤의 별명.
웨르아젤 진 빚을 수습하기 위해 백방으로 돈을 구할 방법을 찾던 도중!
공작가에서 잃어버린 아이를 찾는다는 전단지를 발견했다.

사례금은 빚을 청산하고도 펑펑 쓸 수 있는 돈.
냉큼 원작 남주인 아이를 주워 공작 가에 데리고 왔는데…

“이 아이가 라펠리온이라는 걸 어떻게 확신합니까.”

공작이 나를 사기꾼으로 취급하는 것으로 모자라,

“한 달 동안 이 저택에서 함께 지내시죠.”

당장 사기가 아니라는 증명을 할 수 없으니
한 달 동안 같이 지내잔다.

그런데!

“결혼하죠.
 딱 1년 동안만 계약 결혼을 해주면 사례금의 10배를 얹어 주죠.”

이제는 나한테 결혼까지 하잰다.

“여보라고 부르면 될까요?”

일 년 동안만 결혼한다면 사례금의 열배를 준다는데 당연히 승낙해야지!
그렇게 시작된 일 년 동안의 계약 결혼.

그런데 왜 자꾸 눈빛이 낯뜨겁게 변하는 건데?
왜 자꾸 밤마다 찾아오는 건데?",카카오 웹툰,https://dn-img-page.kakao.com/download/resource?kid=bWANxW/hzKkZgL1uY/yylpTpZAM5J4iSoza7GaS1&filename=th3
15,16,롱리브더킹,버드나무숲,월,드라마,"한 여인을 위해 불가능에 도전하는 남자가 있다. 
의리와 사랑을 빼고는 아무것도 없다고 말하는 남자 장세출! 
사랑하는 여인 강소현을 위해, 목숨보다 더 소중한 친구 정춘택을 위해, 
목포 건달 장세출은 대통령이라는 꿈에 도전한다.
[매주 월요일 연재]",카카오 웹툰,https://dn-img-page.kakao.com/download/resource?kid=HCSXH/hzb7xExr9h/u0oV0yXkI7vkSEbsATVSk0&filename=th3
16,17,백련성신,"은사해탈,연재공작실","월, 수, 금",액션무협,"백만 번의 단련을 통해 신의 경지에 오르다! 

집안의 몰락으로 하루아침에 노비가 된 나정이는 매일같이 비참한 나날들을 보낸다. 설상가상, 그의 여동생마저 옥에 갇히자 더욱 절망에 빠지는데…… 
그러던 중, 그는 아버지가 자신에게 유물로 남겨준 오래된 서책에서 거대한 힘을 흡수하여 병기가 돼 버리고, 인간과 요족 그리고 마족의 공법을 익히며 악당들과 끊임없이 싸워 나가 운명을 개척하게 된다. 
과연, 이 거대하고 신비로운 힘의 정체는 무엇일까? 그리고 그는 과연 여동생을 구할 수 있을 것인가?",카카오 웹툰,https://dn-img-page.kakao.com/download/resource?kid=bdb6yH/hyCRd8cHL7/6Z4bd8AIKLhTkQYZKKCEt0&filename=th3
17,18,환골탈태,마고(mago),월,드라마,"부드러운 살가죽, 짧고 까칠한 털, 작고 조그만 발....

이 해괴하고 귀여운 생물체는 대체 무엇?!

해골(스켈레톤)은 독립하면서 아기 고양이를 기르기로 한다.

드디어 이사 날에 인간계 대행 서비스를 이용해 받은 아기 고양이!
그런데 몸에 털도 별로 없고... 아기 고양이가 원래 이렇게 생겼었나?

인간계 대행 서비스 센터는 연결이 되지 않고,
졸지에 돌연변이 아기 고양이를 떠맡은 해골!

설상가상 아기 고양이의 울음소리에 옆집에서 항의가 쏟아지는데....

아기 고양이... 키울 수 있을까?!

마계에서 벌어지는 해골과 악마 아담, 서큐버스 릴리의 좌충우돌 아기 고양이 
육아 대작전이 시작합니다!",카카오 웹툰,https://dn-img-page.kakao.com/download/resource?kid=dMueW/hzwBlxueNW/WRpYKgKwNoWJZy0COUNFU0&filename=th3
18,19,FFF급 관심용사,"깡무,파르나르",월,소년,"주인공 강한수는 판타지아 세계로 소환된 뒤 
10년의 고생 끝에 마왕을 쓰러뜨린다.

이제 원래 세계로 돌아가는 건가, 행복해 하는 찰나. 
판타지 세계의 신으로부터 성적표가 날아온다.

마왕 살해에 방해되는 요소를 모조리 치워가면서 왔더니 
인성 점수가 F로 나와버렸다!

이어지는 회귀, 판타지 세계의 모험을 
처음부터 다시 시작해야 한다.

과연 강한수는 무한한 회귀를 끝낼 수 있을까.",카카오 웹툰,https://dn-img-page.kakao.com/download/resource?kid=dV95R/hywgH197NI/z5w6W86MTjHKOsOlc6J5x0&filename=th3
19,20,용사고교 던전공략과,"문식,주타마",월,웹툰,"이세계와 융합된 21세기의 지구.
몬스터들이 들끓는 '던전'과 
던전을 공략하는 '모험가'들의 시대.

그리고, 그런 모험가들을 육성하는
대한민국 최고의 엘리트 교육기관 '용사고교'

과거 아시아 최고의 모험가라 불리웠던, 
하지만 지금은 누명을 쓰고 몰락한 아버지의 병을 고치기 위해
던전 밀수업을 하던 소년 유자룡은 한 소녀를 마주친다.


""너, 용사고교에 들어와라.""


자신의 출신을 숨기고, 꿈을 잊고 있던 소년이
마침내 자신을 되찾는 이야기.",카카오 웹툰,https://dn-img-page.kakao.com/download/resource?kid=bmMMBS/hynaG5ezki/6TWZrCJBmtmsvsmeucEKM1&filename=th3
20,21,"사실, 그들은 오직 그녀만을 기억하고 있었습니다","신이호,류희온",화,드라마,"“떠나겠습니다.”
“이렇게 갑자기 고향으로 돌아가면, 전우들이 아쉬워 할 텐데?”
“기반 하나 없는 평민 기사를 기억할 이는 아무도 없을 겁니다.”

전쟁이 끝나고, 평민 출신의 기사 ‘클라렌스 홀턴’은
전쟁의 승리 후 자신이 받을 수 있는 약속된 명예와 행복을 마다한 채
모든 걸 내려놓고 홀연히 떠나게 된다.

하지만.

“대체, 클라렌스는 어디로 갔단 말입니까!”

아무도 자신을 기억하지 못할 거라는 그녀의 예상과는 달리,
그녀가 떠났다는 소식에 제국의 황태자도, 과묵한 기사 단장도,
천재 마법사도, 신전의 사제까지 일어섰다.

그리고 사라진 그녀를 향한 추격전!
클라렌스에게 찾아올 네 명의 행복을 기다리는 힐링 로맨스 판타지!

==============================

[표지 및 타이틀 로고 디자인] 디자인그룹 헌드레드",카카오 웹툰,https://dn-img-page.kakao.com/download/resource?kid=LGm66/hzVqMRjeMs/0acob0ZKEquAlzdSC3Xok1&filename=th3
21,22,부서진 성좌의 회귀,"양경일,사도연",화,소년,"한낱 인간에서 신의 위치까지 오른 '신들의 황혼'
흉신으로 위명을 떨치다 신좌, 신앙, 신위…… 모든 걸 잃었다.
신성도 끊어졌고, 신력도 사라졌다.

“짐과 같이 일을 좀 해 주었으면 한다.”

그런 그에게 명계의 주인, 타나토스가 손을 내미는데……
그 손을 잡은 '신들의 황혼'은 이제 플레이어 '이창선'으로 다시 살기 시작한다.
자신을 나락으로 떨어트린 신들의 목을 쥐기 위해!

‘돌아왔구나, 정말로.’",카카오 웹툰,https://dn-img-page.kakao.com/download/resource?kid=cm4lK5/hzVqGp4zhJ/N4WPGmLWOpEpJdzxTzqm60&filename=th3
22,23,"비켜요, 엔딩은 내가 정합니다","JAMTOON,녹타",화,로판,"회사에서 개발한 역하렘 공략 게임에 빙의했다.

그것도 하필이면 개막장 가문의 딸이자 여주인공을 괴롭히다 죽음을 맞이하는 악역 조연 벨리타로!

심지어 네 명의 공략 캐릭터들에게 번갈아 가며 죽게 생겼다.

같은 핏줄이면서 벨리타를 죽이는 남주1
제국을 어지럽힌다며 벨리타를 죽이는 남주2
성가신다며 벨리타를 죽이는 남주3
정의를 위해 벨리타를 죽이는 남주4

큰일났다. 확실한 건, 어느 쪽에 걸려도 죽는다는 거다.

살길은 하나, 여주인공의 조력자가 되어 게임의 해피 엔딩을 만들어 내는 것뿐!

“꺼져요. 엔딩은 내가 정할 테니까.”",카카오 웹툰,https://dn-img-page.kakao.com/download/resource?kid=e51WI/hyCRa4M7yo/Ha2lrcRePljkiMXSo1vmr1&filename=th3
23,24,도굴왕,"윤쓰(REDICE STUDIO),쓰리비투에스,산지직송","화, 금",소년,"현대에 출몰한 신의 무덤.
유물로 영웅의 능력을 쓰게 된 사람들, 부를 얻게 된 사람들.

그리고 그 유물을 털어가는 의문의 도굴꾼이 나타났다.

도굴왕.

""아이씨, 미치겠네. 여기도 또 그자식이 다 털어 갔냐!""

네 것도 내 것. 내 건 당연히 내 것.
다시 살아난 도굴꾼, 그가 세상 모든 무덤을 접수하기 시작한다!

------------------------------------------------------
웹툰 <도굴왕>은 매주 화요일, 금요일 주 2회 연재됩니다.
------------------------------------------------------",카카오 웹툰,https://dn-img-page.kakao.com/download/resource?kid=s7mSk/hzwBkFrqoQ/vUSNxWqp98tQGq44as2D2k&filename=th3
24,25,다정한 그대를 지키는 방법,"하운드,김지의,마약젤리",화,로판,"나를 증오하는 남자와 결혼하게 되었다.
나의 어머니가 그의 가족들을 죽였으니, 당연한 일이었다.

“결혼 전에 꼭 약속해 주셨으면 하는 게 있어요
반년 후엔, 이혼해 주셨으면 해요.”

“……네?”

“억지로 하는 결혼이잖아요. 원치 않는 결혼을 굳이 이어 갈 필요 없다고 생각해요.”

“원치 않는, 결혼이요.”

그는 멍하니 나의 말을 반복했다.

[회귀/선결혼 후연애/능력녀/존대남/대형견 남주/약간의 착각계/치유계/쌍방구원/정통 로맨스 지향]",카카오 웹툰,https://dn-img-page.kakao.com/download/resource?kid=cGYGI/hyRyOfdcsO/AapDpIrzAITKHe62Rk1eeK&filename=th3
25,26,결혼 장사[19세 완전판],"앤트스튜디오,한흔,KEN",화,웹툰,"사치스러운 악처, 비앙카 드 아르노.
모두에게 버림받고 죽어가던 그때, 비앙카는 기적적으로 열여덟 살로 회귀한다.

절연 상태나 다름없는 친정, 아르노 백작령의 그 누구도 자신을 좋아하지 않는다.
고립된 나의 입지를 다지려면, 후계자가 필요하다….

""당신의 아이를 낳을 준비가 되었어요.""
""…그 이야기는 나중에 합시다.""


""우리 결혼이 얼마짜리였죠? 그 값을 하겠다는 거예요.""",카카오 웹툰,https://dn-img-page.kakao.com/download/resource?kid=bzLffS/hynax8lS4W/z9tY1pxknIgkHHPXfXBPXK&filename=th3
26,27,남궁세가 막내공자,"개작가,용아,붕뎅,테양이",화,액션무협,"남궁세가의 막내공자, 남궁대소!
소가주 경합에서 단전을 잃고 어이없는 죽음을 맞이해 과거로 회귀하는데...

천하제일세가의 막내 공자?
이딴 거 살아가는데 거추장스럽기만 했다.
패도 따윈 개나 줘버리라지!

머저리 같은 남궁,
무림 폐품 막내공자는 떠납니다!",카카오 웹툰,https://dn-img-page.kakao.com/download/resource?kid=R6vO7/hzR1TzWrGh/pGx8620UMAytWwDhtE0VkK&filename=th3
27,28,사랑받는 언니가 사라진 세계,"하말,밤마녀,나유혜",화,로판,"""난 널 죽여 버리고 싶을 만큼 싫어하거든, 시에나.""

한 평생 언니의 그림자였고, 그 언니에게 배신을 당했다. 
내가 선택할 수 있었던 건 오직 내 죽음뿐.
""미안 언니, 날 죽이고 싶단 소원만큼은 못 들어주겠네""

그런데… 시간을 거슬러 다시 온 나흐트 저택의 사람들이 전과 다르다.

""지저의 나흐트가 선택한 아이는 너뿐이다.""
""대공 전하께서는 당신을 가족이나 다름없는 존재로 인정하고 계십니다.""

무언가 잘못됐다. 
이 사람들은 마치 나를 언니라고 착각하고 있는 것 같다.

""부탁이니 한 번만 믿어줘, 우리가 널 아낀다는 걸.""

한때는 사랑받고 싶었다. 
이제는 그 마음이 약점이 될까 두렵다.
삶을 송두리째 빼앗기는 배신은 한 번으로 족했다.

사랑에 모든 것을 걸 때는 지났다.
나는 그저 내 삶을 되찾길 원한다.
'사랑하지 않으면 더 이상 상처받지 않아.' 

""이제 그만 서로 갈 길 가요.""",카카오 웹툰,https://dn-img-page.kakao.com/download/resource?kid=ZIYIg/hynaIoR02b/kYSYdS6PGH0OhicWXKePxk&filename=th3
28,29,만렙 영웅님께서 귀환하신다!,"유도,악마꼬리",화,소년,"힘없는 골방왕자 데이비,
혼수상태에서 영혼이 빠져나온 그가 도착한 곳은
영웅들의 혼이 모인 거대한 회랑.

천년동안 굴려진, 그가 만렙 영웅님이 되어 귀환하셨다!

기다려라, 모두
제대로 상대해주마!

데이비의 통쾌한 복수극과 왕궁생활기가 지금 시작됩니다!

**********
악마꼬리 작가님의 인기판타지소설<만렙 영웅님께서 귀환하신다!>를 웹툰으로 만나보세요!
**********",카카오 웹툰,https://dn-img-page.kakao.com/download/resource?kid=bBqp5b/hzKk0ts6ug/VtBBukpnaRAKrr5geFntfK&filename=th3
29,30,아파도 하고 싶은[19세 완전판],"김인정,채랑비",화,웹툰,"‘그’를 아주 오랫동안 짝사랑해왔다.

하지만, 

그에게 하연은 여자가 아니었다. 
좋게 봐야 같은 동아리 후배, 
더 나아가서는 같은 직장에 다니는 여자애. 그냥 그 정도.

그랬던 그가 결혼을 한다?

“선봐서 곧 결혼할 거야. 되도록 이른 시일 내에.”

모르는 여자와의 계약 결혼을 할거라는 남자의 말에 
하연은 오랫동안 간직했던 감정을 억누르지 못했다. 

“꼭 하셔야 한다면…. 저랑 해요, 그 결혼.”

서투룬 유혹, 남자의 단단한 등에 매달려 뜨거운 입술을 겹쳤다.
발칙한 후배의 도발. 선배는 화를 낼까. 아니면 미쳤다고 비웃을까. 
그러나 남자의 입에서 나온 말은 예상외의 것이었다.

“할 거면 제대로 해야지.” <아파도 하고 싶은>",카카오 웹툰,https://dn-img-page.kakao.com/download/resource?kid=c8WK6/hzR1UlibgM/QKGHLl1PFno07kiJfiyaj1&filename=th3
30,31,마른 가지의 라가,"인접,뮤제",화,로판,"‘사는 게 재미 없다.’

그래서 죽기로 결심했다. 
그런데 마지막을 눈 앞에 둔 순간,

‘그럼 우리가 재미있게 해줄게!’

눈 앞에 다섯명의 비나족들이 등장했다.
그들은 내가 죽으면 본인들도 죽는다며 살아달라 요구하는데
…영원한 삶을 살아야 한다고?

“내가 즐겁게 해줄게. 그러니까, 죽지 마.”
“맹약자가 되신다면 평생 돈지랄하며 살 수 있습니다.”
“자기, 말만 하렴. 뭐가 필요하니?”
“원하시는 걸 말하시면 됩니다.”
“이것들이 유난은… 난 그렇게 쉬운 남자 아니다.”

그냥 영구 수면으로 해주고 알아서 사시면 안될까요?

죽고 싶은 알케리스는 과연 행복해질 수 있을까?",카카오 웹툰,https://dn-img-page.kakao.com/download/resource?kid=zAmfM/hynaIoMgN6/xOvq7sDFebTPUU1MyBjoN0&filename=th3
31,32,저승식당,"ASSAM,화정,형상준",화,드라마,"“8, 8, 8, 82억이요?!”

흙수저 인생에 갑자기 찾아온 82억의 건물!!
그리고… 식당?

식당에 찾아오는 손님들의 행색은 수상하기 짝이 없고 알 수 없는 말만 하는데…….

서울 한복판에서 벌어지는
등골 서늘한 감동 스토리.

매일 밤 열한 시부터 한 시까지.
저승식당, 지금 영업을 시작합니다!",카카오 웹툰,https://dn-img-page.kakao.com/download/resource?kid=AOOll/hyRyPFa2rv/wLvBk47t0rorA9ZvGjcxpk&filename=th3
32,33,결혼 장사,"앤트스튜디오,한흔,KEN",화,로판,"사치스러운 악처, 비앙카 드 아르노.
모두에게 버림받고 죽어가던 그때, 비앙카는 기적적으로 열여덟 살로 회귀한다.

절연 상태나 다름없는 친정, 아르노 백작령의 그 누구도 자신을 좋아하지 않는다.
고립된 나의 입지를 다지려면, 후계자가 필요하다….

""당신의 아이를 낳을 준비가 되었어요.""
""…그 이야기는 나중에 합시다.""


""우리 결혼이 얼마짜리였죠? 그 값을 하겠다는 거예요.""",카카오 웹툰,https://dn-img-page.kakao.com/download/resource?kid=bdOGSB/hzKk1ZCE6j/neBU0MdByfS2ckOW5T0yDk&filename=th3
33,34,SSS급 랭커 회귀하다,"핀볼,Rooty House,갈드",화,소년,"가상현실 게임 더 로드(The Lord)에서 최강자로 군림한 '폭력의 왕' 로칸.
적대 길드에서 내린 척살령으로 모든 것을 잃게 된다.
그런데, 자고 일어나니 3년 전 과거로 회귀했다!

""빌어먹을 자식들아, 기다려라. 모조리 씹어 먹어줄 테니까!""

과거로 회귀하여 다시 한 번 최강자로 군림하는 로칸의 이야기가 시작된다!",카카오 웹툰,https://dn-img-page.kakao.com/download/resource?kid=bJqAb4/hzab6ocruM/gamXcqsS4fe372EUSbd0k0&filename=th3
34,35,던전 리셋,"앤트스튜디오,Happykwak,Rio Skywalker,다울",화,소년,"[던전이 리셋됩니다.]

한번 플레이한 던전이나 함정은 다음 '유저'들을 위해 '리셋'이라는 과정을 거친다.
그 '리셋'이, '나'에게는 적용되지 않는다?!


끊임없이 리셋되는 던전에서 유일하게 자유로워진 존재.
압도적인 노가다로 무장한 '버그 종자' 정다운의 던전 개척기가 시작된다!",카카오 웹툰,https://dn-img-page.kakao.com/download/resource?kid=EGmPB/hyzT0cE0q7/q94cOeQkBfMWKN5wv3pqU1&filename=th3
35,36,시그리드,"글리,시야",화,로판,"늘 규칙대로 살았다.
바르게 살았다고 생각했다.
황제폐하께도 목숨을 바쳐서 충성했다.

하지만 돌아온 건 단두대의 칼날뿐.

왜? 
왜일까?

죽음 앞에서 계속 되물었다. 
그런데 눈을 떠보니 죽기 5년 전으로 돌아와 있었다. 

그 동안 삶의 방식이 틀렸던걸까?
그렇게 생각한 시그리드는 삶을 살아가는 방식을 바꾸기로 결심한다. 

먹는 것, 입는 것, 사는 것, 모두.

그렇게 바뀌기 시작한 그녀를 중심으로
모든게 바뀌어 돌아가기 시작한다. 

그리고 시그리드는 오랜 라이벌이자 숙적인 베라무드를 마주 하게 되는데….

""시작은 친구부터 해도 되니까.""",카카오 웹툰,https://dn-img-page.kakao.com/download/resource?kid=cXA8my/hzMT2aSZFk/wF73vxKacKSzm8vjrK1MG1&filename=th3
36,37,"이번 생은 제대로 키워 드리겠습니다, 폐하!","앤,스테익,자하",화,로판,"""왜 이렇게 돼 버린 걸까? 내가 할 수 있는 모든 걸 다 했는데.""

아들 레온을 황제로 만들기 위해 자신의 모든 걸 바친 엘리사.
은염의 마녀라 불리며 잔혹한 짓을 스스럼없이 저질렀다.

그런 피로 가득한 날들이 지나 염원하던 레온이 황제가 되던 날,
레온은 자살을 택한다.
태어나 단 한 번도 행복한 적 없었다며 죽어가는 레온을 보며 절망하던 엘리사.
갑작스러운 폭발 후 눈을 떠보니 과거로 회귀했다.

내 앞에 있는 6살의 레온... 차갑게 식어 가던 체온과 비교하면, 이 온기는 얼마나 사랑스러운가?

""이게 꿈이 아니라면, 나에게 기적처럼 새로운 기회가 주어진 거라면,
널 위한다는 이유로 많은 걸 빼앗겼던 네게 이번만큼은 원하는 걸 모두 이루어주고 싶다.""",카카오 웹툰,https://dn-img-page.kakao.com/download/resource?kid=cg6LBV/hzR1XIpikV/7oA4NxOpUuukrpo3KOcGEk&filename=th3
37,38,악녀는 두 번 산다,"피치베리(스토리웹툰),한민트",화,로판,"모략의 천재, 황제를 만들다!



""오빠가 잘되어야 너도 잘되는 거야.""
 
 온갖 악행을 저질러 오빠를 황제로 만들었다.
하지만 아르티제아의 헌신은 배신으로 돌아왔다.
죽음의 문턱에서 그녀에게 구원의 손을 내민 것은, 정의로운 숙적 세드릭 대공뿐이었다.

“계책을 내라.”
“…….”
“이 상황을 뒤집을 수 있는 인물을 나는 그대 외에는 떠올리지 못하겠어. 로산 후작.”
“…….”
“나에게는 그대의 힘이 필요하다.”

이미 기울어진 세력 판도를 뒤집고 도탄에 빠진 제국을 구할 계책은 없다.
그러나 방법은 있다.
모든 것이 잘못되기 이전으로 시간을 돌리는 것.

피의 눈물과 함께 그녀는 자신의 몸을 바쳐 고대마법으로 시간을 돌린다.
이번에는, 실패하지 않으리라.

죽지 않고 18세로 회귀한 아르티제아는 세드릭 대공을 위한 악녀가 될 것을 결심한다.

“저에게 청혼해 주십시오. 당신을 황제로 만들어 드리겠습니다.”


악마에게 무릎을 꿇은 대가로,
당신은 당신 대신 손을 더럽힐 악마를 얻을 것입니다.


******************************************************************************

한민트 작가님의 인기 로맨스판타지 소설<악녀는 두 번 산다>를 웹툰으로 만나보세요!

*******************************************************************************",카카오 웹툰,https://dn-img-page.kakao.com/download/resource?kid=jBH4F/hyCRa36B4r/6WZJVuo7pHpTN2yw5zLGtk&filename=th3
38,39,로드 오브 머니,"손주환,무장",화,웹툰,"재계 서열 5위 <지경그룹>의 망나니 셋째 아들 천중명. 
그의 밑에서 비서로 일하는 성창욱.

그런 성창욱을 사고사로 위장해 죽이려는 천중명은 
성창욱과 함께 전기에 감전되어 버리고 
둘은 하루 아침에 몸이 바뀌고 마는데… 

꼴통 재벌 천중명의 몸으로 다시 태어난 성창욱! 

“세상에 없던 꼴통 재벌이 되라는 겁니까?”
“내가 나서면 지옥문 열리는 겁니다.”

로드 오브 머니(Lord of money) 천중명의 거침없는 행보가 시작된다.",카카오 웹툰,https://dn-img-page.kakao.com/download/resource?kid=bfubaF/hzwBrkixSb/FhhnK0vEM6Xp7JXT5wz79K&filename=th3
39,40,신부의 밤 [19세 완전판],"맵다,문림,유정",화,웹툰,"요괴들의 왕이자 이계의 유일한 용 진몽.
모든 걸 다 가진 그가 유일하게 갖지 못한 것은 꿈속의 정체 모를 여인.

""내가 빨고 싶은 건 이게 아닌데.""

멋대로 그의 꿈에 나타나 입술을 빼앗고 몸을 겹치고 정을 나눠놓고
벌써 보름째 그를 찾아오지 않는 그녀에게 진몽은 목이 탄다.

그런데 하얀 눈이 내리던 어느 밤, 드디어 찾았다.

지독히 불행하여 바라는 것이 없는 여자, 하늘과
그녀에게 모든 것을 내어주려고 하는 남자, 진몽의

운명적이고 치명적인 이야기.",카카오 웹툰,https://dn-img-page.kakao.com/download/resource?kid=66pQZ/hyoXxMptBh/laqBjtcwzNxKQPUcBuwUhk&filename=th3
40,41,내 딸은 최종 보스,"RK스튜디오,글쓰냐",수,소년,"내 딸이 세상을 멸망시켰다.
엇나감의 끝에서, 나는 무력하게 죽음을 맞이했다.
다시 눈을 떴을 때, 내 눈앞에는 다섯 살의 딸이 있었다.

<고유 퀘스트 : 미래 바꾸기>
이설아의 다섯 가지 불행을 막으십시오.(0/5)

다시 한번 주어진 기회.
잘못 키우면, 세상이 멸망한다.",카카오 웹툰,https://dn-img-page.kakao.com/download/resource?kid=EW5yg/hzVqIhbCt0/O4Je1j5bFtCoKcIE54oqN1&filename=th3
41,42,흑막 대공님의 집착은 싫어요,"이정,곰보리,불탄닷",수,로판,"저주받은 시한부 대공의 아내로 빙의했다.
원작자로서 책임을 갖고 내 맘대로 엉망진창 꼬아 놓은 이야기를 바로 잡았다.
문제의 씨앗, 설정의 핵심인…… 저주를, 풀었다.
이제 내 할 일은 끝났다!
홀가분한 마음으로 원래 살던 곳으로 돌아가려고 했는데.

“네가 약혼자에게 가려는 걸 내가 모를 줄 알았나?”

갑자기요? 전 악혼자요?
얘가 혼자 이상한 오해를 한다?

 *

“네가 원하든, 원하지 않든 나는 네 남편이다.”
“…….”
“내 몸도, 마음도 이미 네 것이야.”
“…….”
“그러니 절대, 그놈에게는 못 보내.”

……아니 됐고요, 대공님. 저 집에 좀 가게 해 주실래요?",카카오 웹툰,https://dn-img-page.kakao.com/download/resource?kid=yfQDQ/hyoXBuUo2a/kj10S6YoseN9qJMV5S9Y4K&filename=th3
42,43,장르를 바꿔보도록 하겠습니다,"가린,KEN",수,로판,"좋아했던 장르 소설 속에 빙의했다.
하필이면 어린 주인공을 학대하는 악역 이모로.

복수극의 주인공으로 자라날 조카가 안쓰러워  
원작대로, 삼촌이 나타나 조카를 데려갈 때까지만이라도
살뜰히 보살피려 노력했다.

그랬더니...

""어, 엄마!""

졸지에 애엄마가 되어버렸다?! 

""사정이 어떻게 되신 건지는 모르겠습니다만, 모자지간을 어떻게 찢어두겠습니까?
숙녀분도 함께 빈터발트로 가시지요.""

야, 김루카! 
이 오해는 어떻게 풀어줄 건데!",카카오 웹툰,https://dn-img-page.kakao.com/download/resource?kid=qFSyq/hzp2mwlI2m/0jFJ8u1P5aG8HAYMSoJYTk&filename=th3
43,44,못할 짓,산,수,웹툰,"<익명의 팬으로부터 유명 배우의 포르노 촬영을 제안받았다.>

한때 업계를 대표하는 인물 중 하나였으나,
폭언이 공론화되며 한순간에 모든 것을 잃은 영화감독 장희원.

계속해서 악화되는 상황과
놓을 수 없는 자존심 사이에서 갈팡질팡하던 중
배우 유재희의 팬 K로부터 수상한 비디오 촬영을 제안받는다.

단 세 번뿐인 촬영, 그리고 거액의 보수.
K의 정체로 하여금 단단히 약속된 비밀까지.

희원은 어디까지나 제3자로서 이 일을 대하려 노력하지만,
일이 진행될수록 희원의 잘못은 점점 더 덧칠되고
유재희와의 관계는 헤어 나올 수 없이 깊어지기만 하는데...

죄와 사랑과 착각,
그리고 드러나는 각자의 <못할 짓>",카카오 웹툰,https://dn-img-page.kakao.com/download/resource?kid=ePNVG/hzR1UyS0XE/6dSjkknf3o0L7RMfqOVLk1&filename=th3
44,45,악녀라서 편하고 좋은데요?,"민도향,요테,망고킴",수,로판,"""악녀라서 뭐? 편하고 좋기만 한데?""

2020년 카카오페이지 올해의 웹소설
<악녀라서 편하고 좋은데요?>
웹툰으로 화려하게 다시 태어나다!

은수저X, 금수저X

:+: 오리하르콘 수저 :+: 악녀로 빙의한 윤도희
180,000,000도 인생 역전에 성공한다.

소심한 본체 그렇지 못한 걸크러시 비주얼,
빙의 전 이대생 출신으로서의 지식까지 써먹게 되면서 완벽 그 잡채!

게.다.가
현대였으면 강남에 빌딩 몇 개 세울 외모의
이시도르(a.k.a 이시돌, 이서방)까지?

'악녀라서 미움만 받다가 금방 죽는 줄 알았는데,
이거 완전 복권 당첨이잖아!!!!'
--------------------------------
*매주 수요일(화요일 22시) 연재됩니다*",카카오 웹툰,https://dn-img-page.kakao.com/download/resource?kid=lzode/hzMT1iqqme/whb0jpkHoKQrg30aX8SXJ0&filename=th3
45,46,인소의 법칙,"아현,유한려",수,로맨스,"인터넷 소설 읽기가 취미였던 평범한 학생 함단이.
어느 날 자고 일어나니 옆집에는 아주 예쁜 여학생 반여령이,
학교에는 그 이름도 무시무시한 사대천왕이 나타났다!

하루아침에 소설처럼 뒤바뀐 세계,
그리고 함단이의 역할은 다름 아닌 여주인공 소꿉친구 중 하나.

[인터넷 소설의 법칙!]
여주 친구는 각종 위험에 휩싸인다!

단이의 평화로운 일상을 되찾을 유일한 방법.

“그래! 반여령과 사대천왕하고 엮이지 않는 거야!”

그러나 다짐과는 다르게 그녀의 일상은
강렬한 개성의 사대천왕과 여주인공으로 인해 갈수록 꼬여 가는데……?!

과연 그 결말은?

인기 절정의 웹소설 <인소의 법칙>,
<오!주예수여> 아현 작가의 웹툰으로 재탄생!

==============================

[표지 및 타이틀 로고 디자인] 디자인그룹 헌드레드",카카오 웹툰,https://dn-img-page.kakao.com/download/resource?kid=gnnAz/hzR1TmmW4V/qEvYkYfDIBDIs91oJoH5W1&filename=th3
46,47,당신의 이해를 돕기 위하여,"라뇽,오션,이보라",수,로판,"왕녀인 바이올렛은 왕실의 막대한 빚을 갚아준
윈터 블루밍과 결혼한다.

결혼식에서 처음 본 윈터에게 반한 바이올렛.
운이 좋다고 생각한 것도 잠시, 
오빠인 에쉬가 왕실 해체를 선언하자
사기꾼이라는 오명을 뒤집어쓴다. 

작위도 얻지 못하고 전 재산만 날린 윈터는
결혼 첫날밤에도 집으로 돌아오지 않는다. 

지옥 같은 결혼생활을 한 지도 3년.

“저 바쁜 남자가 내 장례식엔 와줄까?”

돈을 버는 데만 열중하고, 자신에겐 냉담하기만 한 윈터로 인해
바이올렛은 점차 시들어 간다.

모든 것을 끝내리라 마음먹은 그때, 윈터와 몸이 뒤바뀌는데….

“내가 정말 미쳐버렸나 봐, 이건 망상일까?”",카카오 웹툰,https://dn-img-page.kakao.com/download/resource?kid=ocEis/hynaGLicQy/CAydhvKKLZSC0jnbMb6N01&filename=th3
47,48,"아 하세요, 금수저 들어갑니다","신유성,포르토피노",수,로판,"""나도 반찬 싸움 말고 재산 싸움 한번 해보고 싶어! 형제의 난 한번 일으켜보자고!""

대한민국 대표 흙수저로 억울한 삶을 마감했지만 2회차는 드디어 재벌 딸이다!
그것도 남부를 장악한 대재벌 세르지오 가의 후계자로!

비록 세기말 악녀의 언니라는 단점이 있긴 했지만 무슨 상관?
어차피 그 애는 시한부에 나는 후계자인데!
하지만 그새를 못참고 여동생은 뒤통수를 쳐주시고
인생 목표였던 상단의 후계자 자리가 위태해진다.

아버지가 돌아오시기 전까지는 2주,
그사이 어떻게든 제국 최고의 신랑감을 데려와야 한다.",카카오 웹툰,https://dn-img-page.kakao.com/download/resource?kid=b12Sy0/hzwBpfcQXZ/ECFNHuqosrr2nAs0WbujS1&filename=th3
48,49,북검전기,"해민,우각",수,액션무협,"무협소설의 최강자 우각의 동명 소설 <북검전기>가 만화로 새롭게 태어나다!

세상을 혼란에 빠뜨린 집단 밀야에 맞서기 위해 중원의 고수들이 모여 만들어낸 북천문!
북천문의 강력한 투쟁으로 밀야는 서서히 그 모습을 감추었고, 북천문은 중원을 평화를 대표하는 집단으로서 강력한 위용을 과시하게 되었다.
그러나 평화가 길어지자 중원의 고수들 사이에서는 북천문에 대한 은밀한 시기가 생겨났고, 결국 북천문의 4대 문주인 진관호는 배신자들에게 둘러싸인 채 스스로 목숨을 끊음으로서 파국의 끝을 맞이하게 된다. 
모두가 떠난 북천문에 홀로 남은 진관호의 아들 진무원(13세)은 무공이라고는 손톱만큼도 알지 못 하는 어린 소년. 그러나 남몰래 아버지가 전수한 고어(古語)를 통해 북천문의 벽에 새겨진 무공을 익히기 시작한다. 
그러던 어느날, 진무원의 앞에 정체를 알 수 없는 한 소녀가 나타나게 되는데…!!",카카오 웹툰,https://dn-img-page.kakao.com/download/resource?kid=MwMMk/hyzT0qjxuu/gZIHDDx6unI9OGiunCkD4K&filename=th3
49,50,황제의 아이를 숨기는 방법,"26,쌀,이연선",수,로판,"""이혼해 줘, 아스텔.
어차피 당신도 날 사랑한 적 없잖아?""

황제 카이젠만을 바라보며
완벽한 황후가 되기 위해 노력했던 아스텔.
하지만 카이젠의 이혼 요구에
아스텔의 10년이 하룻밤만에 부서졌다.

다시는 황실과 얽히지 않으리라 다짐하며
가족과의 연까지 끊어내고,
시골로 몸을 숨기지만…

""…임신, 하신 것 같습니다.""

과연 아스텔은 카이젠과 위협 세력으로부터
황제의 아이, 테오르를 무사히 숨길 수 있을까?",카카오 웹툰,https://dn-img-page.kakao.com/download/resource?kid=ZDu40/hzmU4LWDHs/sQLjXeSkBMthBEa3BCYh81&filename=th3
50,51,이계 검왕 생존기,"권순규,스튜디오 크힛,임경배",수,소년,"『귀하는 적합자로 선택받았습니다』

『귀하의 재능으로 셀하 라트나에서 생존할 확률은 5% 미만입니다』

『자살하시겠습니까? Y/N』

“x-까.”

5% 미만의 생존 확률. 22년의 시간. 셀 수도 없는 마견과의 사투.
이 지옥에서, 나는 홀로 살아남았다.

5라는 레벨 뒤에 감춰진, 무지막지한 히든 스탯들과 함께!

대검 하나로 이계를 썰어버리는,
사상 최강의 레벨5 검사 류한빈의 극한 사이다 생존기!",카카오 웹툰,https://dn-img-page.kakao.com/download/resource?kid=vSVeX/hzMT8PDx4I/pcthnIofzJxw5lAIMMnEAk&filename=th3
51,52,99만 전생이 날 도와줘,"마루코믹스,침략자",수,소년,"흔하디흔한 F급 헌터 강현준,

그의 존재를 비웃기라도 하듯 신은 그에게 일말의 재능도 주지 않았다.

그는 언제나 기도했다.

""모든 걸 바꿀 힘을 달라고…""

""아니, 재능 내놔 신 자식아!!!""


그의 부름에 누군가, 아니 모두가 응답했다.

- 카르타고의 정의로운 방패가 당신을 수호합니다. 당신은 혼자가 아닙니다.

- 최후의 검성, 시든밀러가  당신의 용맹함에 감탄하며 당신을 주시합니다.

- 배후의 그림자, 하사신이 당신의 사악한 계략에 감탄하여 찬사를 보냅니다. 

-지키지 못한 자, 단치히의 의지가……


""그만! 도대체 몇 명이나 있는 거야!!""

""99만.""


99만 전생을 깨달은
F급 흙수저 헌터 강현준이,
전생 수저 물고 지금 출발합니다!",카카오 웹툰,https://dn-img-page.kakao.com/download/resource?kid=e2ScP/hyZ8ueQ40x/RyWaMcmmkXcCSQqINwAoM0&filename=th3
52,53,닥터 최태수,"조석호,김석수(악어스튜디오),시녕(콘티메이커 스튜디오)",수,드라마,"대학병원의 가장 말단 의사, 걸어다니는 깡통― 인턴.

하루하루, 인턴으로서의 고된 나날을 보내던 최태수는 우연히 세계최정상의 흉부외과의사인 '리처드 카프레네'의 임종을 지키게 된다.

이때, 놀랍게도 카프레네의 모든 의학지식이 고스란히 최태수에게 전이되는데…!! 

따뜻한 심장을 지닌 천재흉부외과의, 최태수가 일궈내는 기적의 메디컬 드라마!",카카오 웹툰,https://dn-img-page.kakao.com/download/resource?kid=fIn30/hzp2gCCaF2/m6eXn4YQ8h94CbkuHN8Et0&filename=th3
53,54,무한의 마법사,"kiraz(REDICE STUDIO),테미스,김치우",수,소년,"마굿간에 버려져 평민으로 키워진 아이, 시로네.

타고난 통찰력으로 글까지 깨우친 아이는
도시로 나간 어느 날 그토록 궁금해하던 마법을 경험한다.

그 길로 마법사를 꿈꾸게 된 시로네.
하지만 신분의 장벽이 두터운 이 곳은 아이에게 냉혹하고,
그는 채 어른이 되기도 전에 이 세상의 이면을 알아버리는데···.

어딘가 비틀어진 이 세계에서
그는 자신이 꿈꾸던 마법사가 될 수 있을까?",카카오 웹툰,https://dn-img-page.kakao.com/download/resource?kid=bbXpgU/hyoXzXU0Zn/y5Ae8SzxX1EorWXZH6Ez90&filename=th3
54,55,입양딸 역할을 지나치게 잘해버렸다,"라콰,다나",수,웹툰,"책 속에 처음 들어왔을 때 나는 그냥 살아남는 것이 목표였다.
최대한 가늘고! 길고! 행복하게!
그래서 아등바등 최선을 다해 살았다.
슬슬 독립해서 꽃길을 걸어보려 했는데.

“어딜 가더라도 주인님 옆자리는 내 거예요. 평생 내 머리 쓰다듬어주기로 약속했잖아. 그렇지요?”

원작에서는 내게 찔려죽는 최강자 남주가 집착 어린 눈동자로 나를 응시했다.
아니라고 했다가는 세계를 멸망시킬 것 같다.

“응, 내가 걔 죽여줄게. 그럼 너도 기쁘겠지?”

아무래도 다섯째 오빠는 상당히 미쳐 있는 듯하다.

“여기서 여기까지가 내 땅이야. 그리고 네 것이기도 하지. 네 원대한 꿈과 함께 호흡할 수 있음이 기뻐.”

대륙 최고의 부자가 된 넷째 언니는 지도를 펼쳐놓고 이렇게 말했다.
그런 원대한 꿈이 없다고 말하면 대참사가 벌어질 것 같다.

“공녀님께서 온전히 지배하실 겨울성이 너무나 기대된답니다.”

나를 섬기는 집사의 얼굴에도 웃음꽃이 피어올랐다.

“네가 벨라투를 잇지 않겠다면, 내일 아침 내 심장은 멈춰 있을 거야. 그래도 괜찮겠니?”

원래 후계자가 되어야 할 첫째 언니는 목숨으로 나를 협박했다.

그리고 이게 제일 문제였다.
어쩐지 원작보다 더욱 강해진 아버지의 입가에 스산한 미소가 피어올랐다.

“독립? 해보거라. 그 땅에 개미 한 마리 살려놓지 않을 테니.”

네가 내 품을 떠나 독립할 수 있을 것 같더냐……. 라며 흉폭한 눈동자로 나를 노려본다.

이상하다.
뭔가 아주 많이 잘못되었다.
나는 그냥 최선을 다했을 뿐인데.",카카오 웹툰,https://dn-img-page.kakao.com/download/resource?kid=besuCc/hzR1S8JMlm/xesTTVieNHKkYvJ52oLsZ0&filename=th3
55,56,"여보, 나 파업할게요","송예슬,고은채",수,웹툰,"시몬 제국의 백작 영애 카시아 루베르노는 황제의 명으로 평민 출신의 전쟁영웅 제스터 그레제와 결혼하지만
10년 간 사랑도, 돈도 없이 힘들게만 살다 불치병으로 죽게 된다. 아니, 죽은 줄로만 알았다. 
카시아는 죽음과 동시에 10년 전 그레제에 온 첫날로 회귀하게 된다.
하지만 전과 같은 삶을 반복하고 싶지 않아 ‘파업’을 선언한다.

무뚝뚝하고 전쟁밖에 모르던 남편 제스터에게 절대 기 죽지 않고 멋대로 살고자 다짐을 했던 카시아.
이상하게 이번 생의 제스터는 계속해서 카시아의 마음으로 다가오려 노력한다.

이러한 제스터의 노력과 변화가 이상하면서도 싫지만은 않았던 카시아는,
어쩌면 이번 인생을 바꿀 수 있을 지도 모른다는 생각을 갖게 된다.",카카오 웹툰,https://dn-img-page.kakao.com/download/resource?kid=dMliN/hzMT7DkIhv/KE0JUAz80a2ax3ZAAZxwDk&filename=th3
56,57,1레벨 플레이어,"방은우,송치현",수,웹툰,"[헌터계의 이단아. 랭커를 박살내는 1레벨이 온다!]

'각성하셨습니다.'                                              

드디어 그렇게 바라던 기적이 일어났다. 이제 모든 일이 잘 풀릴 것만 같았다.                                                  

'아니, 근데 왜 레벨이 안 올라?""                                                                              

형편없는 스텟 수치에 노 스킬이라니!                                  

저주캐에 절망하던 중 눈에 들어온 이상한 고유 스킬.                                                                  

-판매와 구매.                                                                

포인트를 버는 것만이 유일하게 살아남을 희망이다!",카카오 웹툰,https://dn-img-page.kakao.com/download/resource?kid=wU64I/hzN2k8TTge/MxmCRwKcRMZfwQvRBazkN0&filename=th3
57,58,시한부라서 흑막의 며느리가 되었는데,"짜다,바삭,유나진",수,로판,"왜 하필 이런 소설에 빙의한 거야?!

부모님은 거대한 빚만 남긴 채 사고로 돌아가시고
성인이 되면 병으로 죽을 운명인 가엾은 여자아이,
그게 나 '라리아'다.
이 소설의 흑막인 이카르드 공작이 견제 세력들의
눈을 속일 요량으로 나를 며느리로 들였으니
몰래 돈을 모은 후 기회를 봐서 도망가자!

병을 고칠 방법도 찾았고, 탈출 자금도 착착 모이는데…
남편, 왜 나한테 집착해?! 누구도 사랑하지 않는 냉혈한 아니었니?
그리고 아버님, 저는 버리는 패여야 하잖아요.
왜 갑자기 저를 살리려고 하세요?!

계략여주 라리아와 이카르드 부자의 가족애 넘치는 시월드,
<시한부라서 흑막의 며느리가 되었는데>",카카오 웹툰,https://dn-img-page.kakao.com/download/resource?kid=biCyav/hzMT2IhJPR/VKFT2vKEt5nCeDaCVlkXIK&filename=th3
58,59,랭커의 귀환,"이산책(REDICE STUDIO),박준호,영비람",수,소년,"가상현실게임 <아레나> 초창기,
최강최고의 랭커였던 밀리갓!

캐릭터를 삭제하고 홀연히 떠났던 그가
망해버린 집안을 일으키기 위해 다시 아레나에 돌아왔다!

“캐릭터를 생성하시겠습니까?”",카카오 웹툰,https://dn-img-page.kakao.com/download/resource?kid=uzpvf/hy41Kxert9/6lr8XQvDCy6KC7XaHgTvH1&filename=th3
59,60,진짜 딸이 돌아왔다,"마루코믹스,린아(潾娥)",수,로판,"천한 하녀의 피를 물려받은 반쪽짜리 귀족, 헬가 유트리트.
하녀가 바꿔치기한 공작가의 사생아, 가짜 딸.

헬가는 진짜가 되기 위해 노력하고 또 노력했다.

""공작부인! 진짜 공녀님이 살아있답니다.""
""이름은 힐리안느라고…!""

진짜가 돌아와 헬가의 자리를 빼앗지 않게 해달라고 신께 빌고 또 빌었다.

""…지마. 힐리안느""
""돌아오지 마, 제발.""

가짜가 한 기도라서 신께 닿지 않았던 걸까.

'신이시여. 그동안 수도 없이 빌었잖아.'
'그 애가 돌아오지 못하게 해달라고.'

목이 쉬어라 외쳤던 기도들이 무색하게도 결국 돌아왔다.

'내 세상을 전부 무너트릴 그 아이…
공작가의 진짜 딸, 힐리안느.'

진짜 딸이 돌아왔다.",카카오 웹툰,https://dn-img-page.kakao.com/download/resource?kid=bhagt0/hzCs7tog59/s7dGKKLNrJEocfh2VqhYc0&filename=th3
60,61,남편을 내 편으로 만드는 방법,"시루,냥이와 향신료",목,로판,"판타지 소설 속 남편의 손에 죽는
악역 조연, ‘루드베키아’가 되었다.

이 세계의 망할 아버지는 내 정략결혼 상대를 또 물어왔다.
문제는 그 상대가 바로 날 죽이게 될 남편이라는 것!

일단은 살길을 찾아야 한다.

북부 사람들에게 최대한 무해하게 보이면서
원작에서 내가 죽일 남편의 여동생도 지키고,
남편에겐 사랑에 빠진 척하면 목숨은 살려주지 않을까?

“전 당신한테 반해버렸어요!”

그러니까 제발 살려줘!",카카오 웹툰,https://dn-img-page.kakao.com/download/resource?kid=dfcjS1/hzR1T7DxeZ/VYhkCEKdUUT0JsiaLMnEo0&filename=th3
61,62,나 혼자만 레벨업,"현군,장성락(REDICE STUDIO),추공",목,소년,"10여 년 전, 
다른 차원과 이쪽 세계를 이어 주는 통로 ‘게이트’가 열리고 
평범한 이들 중 각성한 자들이 생겨났다.

게이트 안의 던전에서 마물을 사냥하는 각성자.
그들을 일컬어 ‘헌터’라 부른다.

그러나 모든 헌터가 강한 것은 아니다.

내 이름은 성진우.
E급 헌터다. 

저급 던전에서조차 죽을 고비를 넘겨야 하는
‘인류 최약병기’. 

무엇 하나 내세울 것 없는 형편에
저급 던전으로 근근이 생계를 이어가던 그는,
D급 던전 속에 숨겨진 
최악의 난이도의 이중 던전을 만난다.

그리고 결국… 죽음을 맞이하려던 순간,
그는 기이한 능력을 얻게 된다. 

오직 그에게만 보이는 게임 퀘스트 창!
오직 그만이 알게 된 레벨 업의 비밀!

퀘스트를 따라 수련하고
몬스터를 사냥하면 레벨이 오른다.
오직 그 혼자만! 


최약체 헌터에서 최강 헌터로 각성하다!

추공 작가의 인기 판무 소설 <나 혼자만 레벨업>이
웹툰으로 드디어 등장!

************************************************
[표지 및 로고 디자인] 디자인그룹 헌드레드

************************************************
웹툰 [나 혼자만 레벨업]은 매주 목요일, 주1회 연재됩니다.",카카오 웹툰,https://dn-img-page.kakao.com/download/resource?kid=Cf0LJ/hynaH4y8E5/l5Qk7VWfAsyYkE8yKmRFdk&filename=th3
62,63,재앙급 영웅님이 귀환하셨다,"HEATS(REDICE STUDIO),이범근(REDICE STUDIO),산지직송",목,소년,"지상에 최강의 영웅이 있었다.

“하지만 죽었잖아. 우리가 죽인 놈이 어떻게 돌아와?”
“그러게. 돌아올 수 있으면 한번 돌아와 보라지.”

그런데 20년 만에 진짜 돌아와 버렸다?

“뭘 그리 놀래? 왜. 양심에 찔릴 짓이라도 하셨나?”

이 XX들. 가만 안 둔다.",카카오 웹툰,https://dn-img-page.kakao.com/download/resource?kid=chSdv3/hzR1Vdqw3F/LIutzVUQoSCUukCyfPDEEK&filename=th3
63,64,엄마가 계약결혼 했다,"추혜연,시야",목,로판,"리리카는 술주정뱅이 어머니를 모시고 하루하루 먹고 사는 빈민가의 소녀다.

그러던 어느날......

“꺄악, 뜨거워! 싫어!”

어머니가 비명을 지르며 잠에서 깨어나더니,

“리리,살아있구나, 어려졌니?”

엉뚱한 소리를 하시고

“오늘이 며칠이지?”

정신을 못 차리시더니

“이럴수가, 돌아왔어!”

영문모를 소리까지 시작하셨다.

심지어 “황궁무도회에 참가해서 폐하를 만나야해!”라는 허무맹랑한 소리까지!

리리카는 어머니의 머리가 어떻게 되신 게 아닐까 걱정되기 시작하는데......",카카오 웹툰,https://dn-img-page.kakao.com/download/resource?kid=bGpwvh/hzMT83cSUL/S2bKBt6X17G9uMebND6aS0&filename=th3
64,65,"아빠, 나 이 결혼 안 할래요!","유리,Roal,홍희수",목,로판,"모두에게 미움받는 악녀 '쥬벨리안.’
사랑했던 애인도 단 하나뿐인 가족, 아버지에게도 
버림받고 쓸쓸히 죽어버린 비참한 악역…
쥬벨리안이 바로 나라고?

인생 2회차 
이렇게 된 이상 사랑받는 건 텄다!
아버지의 돈으로 꿀이나 빨겠어!

화려한 공녀라이프를 선언했건만, 
아니, 아버지! 싸이코패스 황태자가 제 결혼 상대라고요?
방법은 단 하나, 계약 연애뿐!
그리고 상대로는 아버지의 제자가 좋겠다고 결론 내린다. 
바로 그 남자가 황태자인 줄 모른 채….


<아빠, 나 이 결혼 안 할래요!>
매주 목요일 연재",카카오 웹툰,https://dn-img-page.kakao.com/download/resource?kid=dpaXV0/hyRyPE9lgT/vIH8TgqjfiGZunvrwZ0kiK&filename=th3
65,66,악녀의 문구점에 오지 마세요!,"제철무,민절미,여로은",목,로판,"남주의 약혼녀이지만, 그의 사랑을 받기 위해 악행을 저지르는 무능한 악녀에 빙의했다. 
이미 평판은 밑바닥이고, 서로 죽고 못 사는 주인공들은 저들끼리 불륜까지 막 저지르는 막장 상황. 

""너 같이 쓸모 없는 것은 우리 가문에 있을 가치가 없다. 이 돈을 받고 썩 꺼지거라!""
""네! 안녕히 계세요!"" 

그래서 냉큼 돈 받고 쫓겨나 학교 앞에 추억의 문구점을 차렸다. 
추억의 쫀드기, 맥주사탕, 비눗방울 놀이까지! 어린이들 기다려! 

그런데.... 어쩐지 내 어린 고객님들이 좀 이상하다? 

""내가, 우리 오빠 같은 불륜남 말고 잘생기고 조신한 남자 찾아 줄게요!""
""헉, 그럼 황태자이신 우리 형님은 어때?"" 
""....마탑주님이 최고야."" 

그렇게 위대한 마검, 차기 황태자, 악역인 마탑주, 그리고 최종 흑막까지 엮이게 되면서 
평화로울 줄만 알았던 문구점에는 하루도 바람 잘 날이 없는데. 

살려줘! 난 그냥 평범하게 살고 싶었을 뿐이라고!",카카오 웹툰,https://dn-img-page.kakao.com/download/resource?kid=fUK1f/hyZIddOcGY/PLB8M9QXkGfPVFJySk0VMk&filename=th3
66,67,제가 죽었다고 각성하시다니요,"지움,자요,ab studio",목,로판,"눈을 떠보니 낯선 천장을 실제로 경험하게 된 샤나
그저 해시태그 '하드코어'만 읽던 평범하고 선량한 독자였는데...!

빙의를 해도 여자 주인공도 아닌 원작이 시작하기 전에 죽는 엑스트라에 빙의를 하다니
원작이 시작하기 전에 퇴장하려고 했는데..
그런데..?

""제 가이드가 더는 숨을 쉬지 않는데....""

남자 주인공인 블리스는 왜?

""도대체 누가 저를 멈출 수 있단 말입니까?""

엑스트라가 죽으니까 각성하는 거냐고!",카카오 웹툰,https://dn-img-page.kakao.com/download/resource?kid=jmQmR/hzR1SHIhbj/FMa0T1rq3KTQlhsi17oaSK&filename=th3
67,68,샬롯에게는 다섯 명의 제자가 있다,용용,목,로판,"세상을 구한 위대한 대마법사 < 샬롯 엘레노어 >

긴 시간이 흘러 다섯 명의 제자를 거느린 그녀는 어느 날 죽음을 직감하고
완벽한 죽음을 위하여 생애 마지막 마법을 시전하고 눈을 감는다.

하지만 이게 웬일?
다시 눈을 떠 보니 뜬금없이 어린아이가 되어버렸다!

""... 그렇기에 생각해 보았지. 
마법은 스스로의 마음에서 시작되고 바라는 것을 이루어주지 않느냐. 
그러니 내가 남긴 단 하나의 아쉬움이 나를 이런 모습으로 만든 것이 아닌지...""

""그러니까 그 아쉬움이 사랑이라고?
뭐, 연애 같은 거?""

"".....""

그녀를 돕는 오랜 친우 제프리와, 
제자들을 뒤로하고 자신의 정체를 숨긴 채 
새로운 제2의 인생을 살려는 샬롯.

그리고 그런 그녀를 쫓는 찰거머리 같은 다섯 제자들의 사건 사고들!

...샬롯은 과연 사랑을 찾을 수 있을까?",카카오 웹툰,https://dn-img-page.kakao.com/download/resource?kid=bL3rA1/hzCtfLuPpt/2m7NgLcWqInXOhUJnRpUbk&filename=th3
68,69,24분의 1 로맨스,김명미,목,로맨스,"[24분의 1 로맨스] 매주 수요일 밤 10시, 주 1회 연재합니다.

**************************************

JK전자 초고속 승진의 신화, 이 시대 최고의 커리어우먼, 그러나 ‘모쏠녀’ 차주안! 
착하고 바른 마음씨, 맑은 기(?!), 모델 뺨치는 피지컬과 외모, 그러나 ‘실수투성이’의 유도진! 
너무도 다른 스타일의 두 남녀가
어느 날 #그것도 갑작스레 #뜬금없이 #회의시간에
영혼이 바뀌어버렸다?!!!
뒤바뀐 영혼으로 엉망진창이 돼버리는 두 사람의 삶!!
그러나 이 모든 것에는 다 이유가 있다는데?
게다가 그 이유가 바로 억지 ‘연분’ 맺기…?!!

하루에 딱 1시간 바디 체인지 시크릿 프로젝트, [24분의 1 로맨스]!! 
그 어느 때보다도 유쾌상큼발랄섹시한 로맨틱 코미디를 즐겨주세요~ 

#김명미작가신작 #강제역지사지 #바디체인지 #바디로맨스",카카오 웹툰,https://dn-img-page.kakao.com/download/resource?kid=bsWLWG/hzCtdtMq1Q/8ir5QVO11akaBjvCIJYnck&filename=th3
69,70,악당의 아빠를 꼬셔라,"비아,달슬",목,로판,"버스사고 후 눈을 뜨니, 즐겨읽던 웹소설 세계에서 눈을 떴다.
그것도 원작 주인공들이 태어나기 전, 부모님 세대에! 

앞으로 연달아 닥칠 불행을 막기 위해,
여주인공을 임신한 언니의 납치부터 막으려고 했는데
대신 납치당해버렸다?!

납치 당한 것도 서러운데, 몸은 마력에 버티질 못해 개복치 신세가 됐다.
그런데... 날 납치한 황제의 곁에만 있으면 몸이 멀쩡해지네!

그래! 악녀와 결혼해, 아들에게서 죽임을 당할 저 남자도 살리고
마력에 취약한 나도 살 방법은...우리 둘이 결혼하는 것 뿐!


""아버님 결혼해주세요""
""공주. 난 결혼도 안했고, 아이도 없는데 아버님이라니...""


스윗한 철벽남 황제를 향한 '청혼 프로젝트'
<악당의 아빠를 꼬셔라>

연담 X 다온웹툰",카카오 웹툰,https://dn-img-page.kakao.com/download/resource?kid=NMGtv/hzXapGAtxK/Loetw6jUdgmAJXlOvaeOj1&filename=th3
70,71,회귀의 전설,"송진우,김광수",목,웹툰,"제2의 IMF 같은 상황으로 인해 다니던 증권 회사가 망해버리고 장태산은 노량진을 떠도는 백수 신세로 전락하고 만다.
차에 치일 뻔한 초등학생을 구하다가 목숨을 잃지만 목숨과 맞바꾼 선업 덕분에 무려 14년 전인 과거에서 회귀하며 새로운 삶을 맞이한다. 

살아났다는 기쁨도 잠시, 또다시 수능을 치러야 한다는 생각에 머리가 지끈거리는데…
수능 문제도 모자라 사시 공부 때 접했던 사법 시험, 증권맨으로 재직했을 당시 봐왔던 주식 시장 그래프까지 머릿속에 생생하게 그려진다…?!

지난번 생은 망했지만 회귀한 생은 오직 성공뿐이다!",카카오 웹툰,https://dn-img-page.kakao.com/download/resource?kid=bOS9jC/hzacg5DM9o/D8Rv3mQVXLGCoqG8KrxdGK&filename=th3
71,72,삼류호텔 막내셰프,"차지운,스튜디오 이너스,제이로빈",목,드라마,"국내 4성급 호텔 주방 막내인 강성훈, 그에게는 식재료의 기억을 읽을 수 있는 능력이 있다.

하지만 그는 막내로서 설거지 담당을 벗어나지 못하고 있었는데...",카카오 웹툰,https://dn-img-page.kakao.com/download/resource?kid=c7ybA4/hzmU09QNJq/92fzOHOw1fYwzP8kPfU49K&filename=th3
72,73,사신표월,"목인,INKYO,우각",목,액션무협,"강호 가장 깊은 곳에 그가 있다.
두 눈 부릅떠라. 심연으로 끌려가지 않으려면.",카카오 웹툰,https://dn-img-page.kakao.com/download/resource?kid=VN32G/hyoXBHAorG/gQw6bdS1I2LT62O0n36xk1&filename=th3
73,74,리턴 서바이벌,"김무현,연우솔",목,웹툰,"-세상이 멸망하기 6개월 전으로 회귀했다? 이것은 기회? 아니면 절망의 반복? 
지구를 덮친 대재앙, 좀비 바이러스.

폐허가 된 지구에서 죽음의 위기를 수십 번 겪으며 지독하고 악착같이 살아남기를 3년.

나는 결국, 더는 버티지 못하고 좀비 떼에 덮쳐져 최후를 맞았다.

그리고… 내가 다시 눈을 떴을 때… 나는 세상에 좀비 바이러스가 창궐하기 딱 6개월 전의 과거로 돌아와 있었다!


앞으로 6개월 후, 이 평화로운 세상은 멸망한다.

그리고 오직 나만이 종말이 오는 것을 알고 있다!! 멸망한 세상에서 살아남기 급급하던 나에게 다시 주어진 기회?!

6개월의 시간은 희망인가 절망인가!
 

다시 한번 멸망을 맞이한다면 미래를 바꿀 수 있을까?!

창궐하는 좀비 떼에 맞서는 서바이벌 액션 아포칼립스!",카카오 웹툰,https://dn-img-page.kakao.com/download/resource?kid=28VFE/hyEdmCrmc0/PtQxvcIdko5zkfDhn6dUJ0&filename=th3
74,75,마탄의 사수,"샤이멜,드포,글피,이수백",목,소년,"""하 중사, 이 미친놈아. 또 만발인 거 알아?""

이제 말뚝 박을 일만 남은 명사수 부사관 하이하.
그러나 불의의 사고로 하반신을 못 쓰게 되어 사회로 내쳐졌다.
절망에 빠져있던 그에게 혁명적인 VR 게임 [미들 어스]가 새로운 삶을 선사한다.
가상현실 게임인 [미들 어스]에서 획득한 돈은 현실의 돈이 된다!

하지만 캐릭터 생성 때 가장 성능이 낮은 캐릭터를 고르게 되는 바람에 망하게 생겼다!

""난 다르다. 이것이 내 마지막이야!""

흑색화약, 쇠구슬, 꼬질대. 진짜 '머스킷티어'가 무엇인지 보여주마!",카카오 웹툰,https://dn-img-page.kakao.com/download/resource?kid=blyHEN/hyRyPSJExg/qlfbcIdwW1kug4QG3APuP1&filename=th3
75,76,대놓고 사내연애,"이베,미도,강달콩",목,웹툰,"손꼽아 기다리던 발렌타인데이.
다정은 2년 동안 짝사랑했던 회사 동료, 현우에게 고백하기로 결심한다. 

직접 만든 초콜릿과 함께 마음을 전하는 다정.

""저와 사귀어 주세요!""

""좋습니다."" 

어라...? 이 목소리는 현우 씨가 아닌 것 같은데?!
목소리의 주인은 완벽한 외모와 스펙, 철벽까지 갖춘...

""지, 지도훈 팀장님?!""

""하지만 난 비밀 연애는 싫습니다. 이왕이면 우리, 대놓고 연애하죠.""

""네에?!""

오해로 시작된 두 사람의
초콜릿처럼 달콤쌉싸름한 기간 한정 로맨스.


#사내연애 #계약연애 #오피스물 #로맨틱코미디 #심쿵주의 #철벽남",카카오 웹툰,https://dn-img-page.kakao.com/download/resource?kid=zCs9a/hzhOfY7gN2/QA44lo3PEfkETFGP0T4480&filename=th3
76,77,그냥 악역으로 살겠습니다,"대전환,베베,김다함",목,로판,"책 속 악역, 공작 영애에 빙의했다!
감히 여주인공을 죽이려한 살인미수범이 이 몸의 주인이라고?

기왕 이렇게 된 거 조용한 곳에서 놀고먹으며 막 살자! 고 생각한 것도 잠시.
벌로 쫓겨난 북방의 이곳은 너무너무너무 추웠다.
얼어 죽기 전에 불꽃의 대악마를 불러내 벽난로에 불을 지폈는데…

…쟤 왜 안 돌아가? 할 일 다 했으면 가야 하는 거 아냐?!
불 피우려다?악마와 종신계약 한 것도 당황스러운데 욕구 해소(?)까지 책임지라니!

대형 멍멍이 악마님과 부스러기 악역 영애님의
티격태격 로맨스 <그냥 악역으로 살겠습니다>?",카카오 웹툰,https://dn-img-page.kakao.com/download/resource?kid=EAxG2/hzwBnIDavi/dMk7vIKUcSwK8Q964YLrzK&filename=th3
77,78,말단 병사에서 군주까지,"doip,2631,소울풍",목,소년,"15세, 전장에서 오른팔을 잃고… 
 
24년, 살기 위해 닥치는 대로 온갖 잡기를 익혔지만 
―늘 비슷한 말을 들었다. 
 
“그냥 하지 마라. 너한테 창술 가르치다가 흰머리만 늘겠다.” 
“배우려면 못 배울 것도 없지만, 효율이 너무 떨어진다.” 
“야, 약초 캐자, 약초. 왜 굳이 검술을 배우려고 그러냐?” 
“그냥 평범하게 살아.” 

―그렇게 39세,
왼팔마저 잘리고 벼랑으로 떨어졌다.
정체 모를 아티팩트를 삼킨 채…

 
【 그 릿 탐 색 중 … 】 
 
― 성장의의지 
 
― 배움의탐욕 
 
― 근면한욕심 
 
― 열정과집념 
 
― 재능없는끈기 
 
― …회귀본능 
 
 
다시 시작된 전장, 15세 말단 병사 시절. 
 
 
《 경 험 치 가 올 랐 습 니 다 ! 》 
 
《 경 험 치 가 올 랐 습 니 다 ! 》 
 
《 경 험 치 가 올 랐 습 니 다 ! 》 
 
《 경 험 치 가 올 랐 습 니 다 ! 》 
 
《 경 험 치 가 올 랐 습 니 다 ! 》 
 
 
한물간 용병 크리스에서 소년병 크리스로! 
 
 
― 이것은 노련한 소년이 전장에서 출세하는 이야기 

― 이것은 재능 없는 자가 한계를 돌파하는 이야기 

― 이것은 평범한 자가 스스로 기사가 되는 이야기 

― 이것은 비범한 군주가 자기 사람들을 지키는 이야기 

― 이것은 되돌아온 자가 대륙을 구원하는 이야기 
 
 
《 경 험 치 가 전 부 충 족 되 었 습 니 다 ! 》
 
 
 
 
ⓒJC미디어
 
[타이틀 로고 디자인] 디자인 그룹 헌드레드
　",카카오 웹툰,https://dn-img-page.kakao.com/download/resource?kid=cFaQnD/hzN2iJK9BX/DAfU6hmgNbtNkzDgYIsbY0&filename=th3
78,79,"사랑, 하고 있어","정인,이불,이노",목,웹툰,"모두가 부러워하는 재벌 3세이자 여성화 전문 브랜드 에일린의 대표 이원우.
회식 다음 날 호텔에서 눈을 뜨니 파란 하이힐 한 짝과 함께 혼자 덩그러니 남겨져 있다.
주변에는 뜨거운 밤의 흔적이 가득한데, 정작 여자는 온데간데없다. 
대체 왜 도망간 거지? 단서는 파란 하이힐과 에일린 로고만 뚜렷이 기억나는 사원증.
원우는 도무지 이해할 수 없는 상황에 반드시 여자를 찾고 말겠다 다짐한다.  

한편, 에일린 신입 사원 차은서는 파란 하이힐을 손에 쥐고
사내를 활보하는 대표 때문에 가시방석이다. 
왜냐하면 그날 아침, 부리나케 도망친 여자가 바로 자신이니까!
어떻게든 숨어 다니면 잊겠지,했는데 어쩐다.
퇴근길에 마주친 대표가 어쩌다 집 안으로 들어오게 돼
신발장에서 나머지 한 짝의 하이힐을 찾아내고 마는데...  

사내의 대표와 신입 사원으로 만난 두 남녀의 유쾌하면서도 아슬아슬한 감정 줄타기. 
둘은 위기를 딛고 서로의 마음을 확인할 수 있을까?",카카오 웹툰,https://dn-img-page.kakao.com/download/resource?kid=b2qa3Y/hzab3Zqeoa/kvbUjnnk1I9okrycZO9c8k&filename=th3
79,80,"그 남자는 제 친오빠인데요, 공작님","CC,조이,여로은",목,로판,"[매주 목요일 연재]

판타지소설 속 남주의 여동생 '아스텔'에 빙의했다! 
가문이 멸문 당하고 결국 자신과 오빠조차도 비참한 죽음을 당하고야 마는데…!

하지만 난 소설 내용을 알고 있다!
그렇다면 내 손으로 새로운 운명을 직접 그려나갈 수 있지 않을까!

비록 결말까지 진짜 흑막의 정체는 밝혀지지 않았지만 
흑막의 첩자들이 흘러 들어갔다던 아나이스 공작성! 
그곳에 단서가 있을 거야! 

무슨 일이 있어도 그곳으로 침입해
오빠와 나의 결말을 바꾸는 거야! 

1단계, 아나이스 공작의 생명의 은인이 되어 공작성에 침입한다! → 성공 
2단계, 공작성에 들어가 공작의 반려 각인자가 된다?! → 예측 불허의 상황! 
2.1단계, 불안한 각인을 위해 공작과 스킨십을 해야 한다?! → 예측 불허의 상황222 → 두근두근설렘?! 
 
공작성에서 정보를 캐내고 흑막도 찾아야 하는데,
최종 흑막일지도 모르는 아나이스 공작님한테 이렇게 두근거리면 되겠어?! 

심지어 공작님은 오빠를 나의 연인(?)으로 오해하는데?! 

아스텔의 최종 흑막을 찾기 위한 오해투성이 사랑스러운 복수극이 시작된다!!",카카오 웹툰,https://dn-img-page.kakao.com/download/resource?kid=eyyLB/hzVqJmsRGj/FA9zI4apJbsVvTm7Yojs6K&filename=th3
80,81,도굴왕,"윤쓰(REDICE STUDIO),쓰리비투에스,산지직송","화, 금",소년,"현대에 출몰한 신의 무덤.
유물로 영웅의 능력을 쓰게 된 사람들, 부를 얻게 된 사람들.

그리고 그 유물을 털어가는 의문의 도굴꾼이 나타났다.

도굴왕.

""아이씨, 미치겠네. 여기도 또 그자식이 다 털어 갔냐!""

네 것도 내 것. 내 건 당연히 내 것.
다시 살아난 도굴꾼, 그가 세상 모든 무덤을 접수하기 시작한다!

------------------------------------------------------
웹툰 <도굴왕>은 매주 화요일, 금요일 주 2회 연재됩니다.
------------------------------------------------------",카카오 웹툰,https://dn-img-page.kakao.com/download/resource?kid=s7mSk/hzwBkFrqoQ/vUSNxWqp98tQGq44as2D2k&filename=th3
81,82,악역의 엔딩은 죽음뿐,"수월,권겨을",금,로판,"역하렘 공략 게임의 악역, 
에카르트 공작가의 하나뿐인 공녀이자 입양아
페넬로페로 빙의했다. 

그런데 하필 난이도는 극악! 
뭘 해도 엔딩은 죽음뿐! 

‘진짜 공녀’가 나타나기 전에
여주의 어장 중 한 명을 공략해서 살아남아야 한다.

사사건건 시비를 거는 오빠 1, 2.
모든 루트가 죽음으로 이어지는 미친 황태자.
여주바라기 마법사와 충직한 노예 기사까지!

‘일단 가망성 없는 놈들은 바로 버리자.’

“그동안 제 주제를 잘 몰랐어요.
앞으로는 쭉, 신경 쓰실 일 없이,
쥐죽은 듯 살겠습니다.”

근데 왜 자꾸 선을 그을수록 호감도가 오르는 거야?!
악역 페넬로페의 미친 역하렘 공략 게임 생존기!

==============================

[표지 및 타이틀 로고 디자인] 디자인그룹 헌드레드",카카오 웹툰,https://dn-img-page.kakao.com/download/resource?kid=dteRzY/hzwBpGAxpD/Al437v8aDUThHVw0sd2A7k&filename=th3
82,83,두 번 사는 랭커,"농농,사도연",금,소년,"5년 전 사라진 쌍둥이 동생을 잊고 살던 연우.
어느날 그에게 동생의 유품인 회중시계가 돌아왔다.

그리고 그 속에 숨겨진 일기장.

'형이 이 일기를 들을 때 즈음이라면 나는 이미 이 세상 사람이 아니겠지.'

여러 차원과 우주가 교차하는 세계에 놓인 태양의 신 탑, 오벨리스크.
그리고 그곳에 오르다 배신당해 눈을 감아야 했던 동생.

모든 걸 알게 된 연우는 동생이 남겨 둔 일기와 함께 탑을 오르기 시작한다.

'오늘부터 난. 차정우이다.'",카카오 웹툰,https://dn-img-page.kakao.com/download/resource?kid=ddrgS/hyLjfQWY6S/D26IDY6gJ1ZWbadeOQTUnK&filename=th3
83,84,비뢰도,"오주,Awin,검류혼",금,액션무협,"홀로 길러주신 아버지를 돌림병으로 잃고 10세의 어린 나이에 혈혈단신이 된 비류연.
조각가였던 아버지에게 배운 기술로 부모님의 조각상을 만들어 두 분의 묘 앞에 세워두는데,
지나가던 노인이 그걸 보더니 자신을 사부로 삼으면 천하제일 무공을 가르쳐주겠다고 한다.

수상쩍지만 달리 갈 곳도 없고, 그럴듯해 보이는 무공에 혹해 비류연은 그를 따라가고 마는데…

그날 이후 비류연을 길러준 것은 팔할이 바람이었다.

오늘 하루는 좀 편안했으면 좋겠다는 바람!
사부가 더 늙으면 울 때까지 구박해주겠다는 바람!
아니 다 필요 없고 여기서 탈출하고 싶다는 바람!
하늘이여 저한테 왜 이러세요 제발 살려주세요… 하는 바람!

하늘이 비류연의 바람을 들어준 것일까.
무식한 가사노동과 피골상접 과로사를 야기할 것 같던 돈벌이로 점철된 삶 속에서
깨알같이 사부 몰래 힘을 비축하던 비류연은 드디어 어느 날 깨닫는다.

‘오늘이 바로 그날이다!’

사부를 따돌릴 꿀떡(?)을 던져놓고는 무한한 용기를 발휘해 묵금과 비뢰도까지 다 들고 튄 비류연.

혹자는 강호를 두고 시산혈해 위에 암투로 쌓아올린 백척간두의 세계라고 하나,
비류연에겐 드넓은 꿀 천지에 온실 속의 화초들이 노니는 안락한 신세계로만 보였는데…!

비류연의 행복은 과연 언제까지 갈 것인가!

----------------------------------------------------
웹툰 <비뢰도>는 매주 금요일, 주1회 연재됩니다.",카카오 웹툰,https://dn-img-page.kakao.com/download/resource?kid=bPMW0z/hzb7tvdzvl/PW2ekvi5vdbqA5xr9rHH70&filename=th3
84,85,백작가의 사생아가 결혼하면,"문명인,랏슈",금,로판,"""공작가와 결혼해라, 라리트 브루마이어.""

천대받고 구박받는 인생인 백작가의 사생아 라리트.
그녀는 태생부터 고귀한 이복언니를 대신하여,
전쟁터에서 죽어버린 유령 공작가에 시집가게 된다.

다만, 라인하라트 공작가는 반역죄로 인해 모든 재산이 압류되었으며,
대신 신부로 가게 된 라리트가 향한 곳은 황실의 넒은 아량으로
남겨진 외딴 산속에 있는 낡은 별장이다.

하지만 평생 눈칫밥만 먹던 라리트에게 결혼은 절호의 기회!
지긋지긋한 집을 떠나 드디어 생긴 나만의 집!

창창한 홀로서기 라이프가 시작되나 싶었지만,
늦은 밤, 죽은 줄 알았던 남편이 살아 돌아오는데...?

웹소설 <백작가의 사생아 결혼하면> 웹툰화☆",카카오 웹툰,https://dn-img-page.kakao.com/download/resource?kid=bcRzgX/hzmU4ZtPUn/HfKktZIciHt7AfhM9ArJj0&filename=th3
85,86,프로야구생존기,최훈,"화, 금",드라마,"?트라이아웃으로?신생구단?나이츠에?입단한?노영웅은?
꿈에?그리던?프로야구?선수?생활을?시작한다.?

?하지만,?영웅을?기다리고?있었던?건?기회조차?제대로?받지?못하는?냉혹한?현실.


?포지션을?옮기며?학생?시절보다?퇴보된?실력,?
날이?서있는?동료?선수들,?자신?밖에?모르는?스타?감독...?

?넘어야할?산들이?첩첩이?길을?가로막고?있는?상황에서?
과연?노영웅은?살아남아?프로야구?스타가?될?수?있을까??



?야구?선수?노영웅의?프로야구?그리고?인생?서바이벌?일지!!",카카오 웹툰,https://dn-img-page.kakao.com/download/resource?kid=ccnOuo/hzN2pa5SmB/ka72kI7KtACgPW24ejn1L0&filename=th3
86,87,연록흔,"웹툰 이도경,원작 한수영",금,웹툰,"수배자인 아버지 밑에서 남장을 한 채로 자라난 소녀, 연록흔!
황제 시해죄로 참수 위기에 처한 아버지를 구하기 위해 궁으로 떠난다.

아버지를 죽이고 황제의 자리에 오른 무소불위의 냉혈한 황제, 가륜!
처형장에서 아비를 구하기 위해 뛰어든 록흔을 만나게 되는데...


""소년, 네 인생을 내게 다오. 대신 네 아비를 구해주지.""


록흔은 아버지를 살리기 위해 성별을 숨긴 채, 황성에 입성한다.
과연, 록흔은 여자임을 들키지 않고 황제의 곁을 지킬 수 있을까?


거대한 운명의 소용돌이 속, 애틋한 사랑이 시작된다!",카카오 웹툰,https://dn-img-page.kakao.com/download/resource?kid=u5fHw/hyORS5H6vW/lBOXJfP1NJcnrsyvKypsB0&filename=th3
87,88,이 결혼은 어차피 망하게 되어 있다,"초캄,청과,김차차",금,웹툰,"여섯 살, 카셀의 삶은 이네스에게 선택받은 이후 송두리째 바뀌었다. 

'평생'이 얼마 만큼인지도 모르는 어린아이에게
'평생'을 약속하게 한 맹랑한 동갑내기 여자아이. 

카셀은 곧 빼앗길 자유를 최대한 누리겠다는 듯 해군에 입대해 방탕한 생활을 일삼는다.

이네스는 이 모든 것이 만족스러웠다.
대단한 이목구비만큼이나 놀아나는 제 약혼자의 명성이 드높아질수록,
자신에게서 도망치고 싶어 할수록 만족감은 커졌다.

뒤끝 없이 자신과 이혼해줄 남자,
그것이 여섯 살의 손으로 카셀 에스칼란테를 고른 이유였기 때문에.

한없이 가벼운 카셀에게 이네스가 원하는 대답은 절대 이런 것이 아니었다는 말이다.

""난 개새끼지만 네 생각보다 신실해. 이네스 발레스테나.""",카카오 웹툰,https://dn-img-page.kakao.com/download/resource?kid=2lgIP/hzKk0mDlmL/cJbB9h2Jh0ONmbTLRkZ1j0&filename=th3
88,89,남편이 미모를 숨김,"가비남,하라라,정연",금,로판,"대대로 끔찍한 괴물이 태어난다는
할스테드 성의 영주, 에르덴.

흉측하기로 유명한 영주의 외모는
가면으로 가려져 있다.

언니들 대신 할스테드 성의 영주에 시집가게 된 레티샤는
'괴물과 결혼한 여인'으로 불리며
많은 이들의 동정을 사지만―

사람들은 모르는 비밀이 있다.

""부인께는 항상 감사해하고 있습니다.
흉측한 저에게 이렇게나 상냥하시다니…""

""그야 전 에르덴의 부인이니까요.""

""어서 빨리 이혼해드려 하루 빨리 이 모든 것들로부터
벗어나도록 해드려야 하는데…
죄송하지만 이혼장을 잃어버린 것 같습니다.""

'그렇겠지, 내가 태워버렸으니까.'

""그래서 시간이… 더 걸릴 것 같습니다.""

'법률가들 사이에 소문 좀 험하게 흘려놔야겠군.'

이렇게 잘생긴 남편과 이혼이라니.
안 돼, 안 돼, 절대 안 돼!!!

『남편이 미모를 숨김』 지금부터 시작합니다!
--------------------------------
*매주 목요일 22시에 연재됩니다.*",카카오 웹툰,https://dn-img-page.kakao.com/download/resource?kid=yetuN/hzVqLdvyvV/0Irtn40kiFleYQIbcRWze1&filename=th3
89,90,백련성신,"은사해탈,연재공작실","월, 수, 금",액션무협,"백만 번의 단련을 통해 신의 경지에 오르다! 

집안의 몰락으로 하루아침에 노비가 된 나정이는 매일같이 비참한 나날들을 보낸다. 설상가상, 그의 여동생마저 옥에 갇히자 더욱 절망에 빠지는데…… 
그러던 중, 그는 아버지가 자신에게 유물로 남겨준 오래된 서책에서 거대한 힘을 흡수하여 병기가 돼 버리고, 인간과 요족 그리고 마족의 공법을 익히며 악당들과 끊임없이 싸워 나가 운명을 개척하게 된다. 
과연, 이 거대하고 신비로운 힘의 정체는 무엇일까? 그리고 그는 과연 여동생을 구할 수 있을 것인가?",카카오 웹툰,https://dn-img-page.kakao.com/download/resource?kid=bdb6yH/hyCRd8cHL7/6Z4bd8AIKLhTkQYZKKCEt0&filename=th3
90,91,여주인공이 나를 새언니로 점찍었다,"연견,겨울해,채유화",금,로판,"빨간망토가 늑대를 잡아먹는 19금 피폐 여공남수 소설에 빙의했다.
문제는 그 늑대가 바로 내 남동생이란 사실!

동생과 깊은 숲속에 숨어 인간계로 도망갈 계획을 세우던 중,
눈밭에 쓰러진 여자아이를 발견했다.
아픈 아이를 지나칠 수 없어 지극정성으로 보살폈건만,
이 아이... 하필이면 최종흑막, 빨간망토잖아?!

치료를 마치는 대로 어서 돌려보내야지 다짐하기도 잠시,

""언니는 이상형이 어떻게 돼요?""
""언니는 키 크고 어깨 넓은 남자를 좋아하는구나.""

어쩐지 아이가 날 바라보는 눈빛이 심상치 않다.
유독 이상형 이야기를 할 때 눈이 초롱초롱해지는 건 내 착각이겠지?
나.... 동생이랑 같이 얼른 도망쳐야 하는데....

""우리 오빠 잘생겼죠?""

여기서 갑자기 왜 네 오빠가 나와?!
<여주인공이 나를 새언니로 점찍었다>",카카오 웹툰,https://dn-img-page.kakao.com/download/resource?kid=cVunjH/hyRyP6lVmt/CvnTLGqrQkcBPvCGVYjKM1&filename=th3
91,92,황녀님이 사악하셔,"포알카,별다섯(ARC),슈슈,화솜,차소희",금,로판,"나는 삼백 살이 넘는 마녀이지만, 믿었던 인간에게 배신당해 죽었다.
꼼짝없이 영혼계에 붙잡혀 있을 줄 알았는데 
서로가 서로를 죽이는 황실에 황녀로 환생했다.

이렇게 된 이상 내가 황제가 돼야겠다. 
“너. 내 부하가 대라.”

이렇게 했으니까 모두 나를 두려워하겠지, 생각했는데.

“한 번만 만져주면 안 돼? 네가 머리를 쓰다듬어줬다고 하면 모두가 부러워할 거야.”
…뭐야. 왜 이래. 

“더 해 줘. 귀여우니까.”

하지만 단체로 미쳤나, 싶을 정도로 내게 맹목적인 애정을 보이고 있다.

…나 황제 될 수 있겠지?",카카오 웹툰,https://dn-img-page.kakao.com/download/resource?kid=dClKAw/hzp2hVcRF3/KOllPmX0Cg4mlKdhp8WYk1&filename=th3
92,93,프린세스,"한승원,프린세스프로덕션","수, 금",로판,"3대에 걸친 대서사시.
라미라,아나토리아,스가르드 3국의 이야기.

1년 내내 온화한 기후와 풍족한 자원을 가졌지만 약소국이기에, 언제나 정치적으로 중립을 지켜야 하는 라미라.
라미라의 왕자인 비욘, 그가 사랑하고 있는 상대인 유모의 딸 비이, 그리고 바이다 가문의 장남이자 왕자의 호위무사 레오, 총리의 딸로 왕자인 비욘과 약혼자인 에스힐드. 
필연처럼 만나고, 운명처럼 헤어짐을 반복하는 그들의 이야기가 3대에 걸쳐 펼쳐진다.",카카오 웹툰,https://dn-img-page.kakao.com/download/resource?kid=bm5hTW/hyQ9PTq1K2/6Xa7wn6DXzlQxWdP5vYv41&filename=th3
93,94,역하렘 게임 속으로 떨어진 모양입니다,"고야,구슬,이늬",금,웹툰,"Reset, 
and game set.

눈을 뜨니 모든게 달라졌다.
나는 모두가 두려워하는 게임 속 악역 황녀가 되어있었다.
그리고, 낯선 남자들이 헐벗은 몸으로 나를 향해 다가온다.

""추우세요? 제가 안아드릴까요?""
""왜? 아직도 모자라나?""

도대체 이 상황, 어떻게 된거지?
이 망할 게임은 어떻게 해야 빠져나갈 수 있는거야?",카카오 웹툰,https://dn-img-page.kakao.com/download/resource?kid=VagMq/hynaFlvqXY/tRX3dStMUm8MRKVu2XA70k&filename=th3
94,95,주인공의 구원자가 될 운명입니다,"도담(WHYNOTME),팀 해피게리,은소로",금,로판,"아버지에게 실험을 빙자한 학대를 당하던 중 전생의 기억을 떠올렸다.
그리고 깨달았다.
자신이 전생에 봤던 판타지 소설 속 세계에서
소설이 시작하기도 전에 죽는 단역으로 태어났다는 것을.
아리아드네는 침착하게 생각했다.
망했다. 그것도 아주 세계 단위로 망했다.

'이 소설, 배드 엔딩인데.'

이 10권짜리 먼치킨 판타지 소설의 결말은,
주인공의 실패와 세계 멸망이었다.

'주인공이 회귀하면 배드 엔딩 확정이라니, 뭐 이딴 소설이 다 있어!'

결말을 바꾸려면 세계도 구하고 주인공도 구하고 동료들도 구해야 한다.
하지만, 그녀가 가장 먼저 구해야 할 사람은.

""절 데려가 주세요, 외할아버지!""

학대당하다 16살에 죽을 운명인 자기 자신이었다.",카카오 웹툰,https://dn-img-page.kakao.com/download/resource?kid=bx4V5N/hzCs70pOLl/whEFlk3o66hWhoK59KYBlK&filename=th3
95,96,"남주님, 취향 존중해드릴게요","스튜디오 이너스,마쵸,주겨울",금,웹툰,"피폐 BL <폭군의 은사꽃>에 빙의해 버렸다. 
그것도 두 주인공의 역사적인 거사가 이루어지기 직전에. 

별 수 있나, 아쉬운 대로
여기서 둘이 꽁냥거리는 모습이라도 봐야…
‘잠깐! 왜 하필 얘한테 빙의한 거야?’

남주에게 가장 먼저 죽임 당하는 악녀 엔딩을 피하고
마음 편히 두 사람의 사랑을 응원하려고 했는데,
역대 최강 집착광공이 어째서인지 한 마리 순한 양이 되어
나한테 예쁨 받으려고 한다.  

‘…앨리스, 나도 예뻐?’",카카오 웹툰,https://dn-img-page.kakao.com/download/resource?kid=bjn3bJ/hzR1SAXbBI/KbsEqXfJmHccaqzYuEstd0&filename=th3
96,97,이것이 법이다,"판중,이계원,자카예프",금,웹툰,"천재 변호사 노형진의 정의구현 회귀 판타지!

대학교 수석에 사법고시 수석, 95% 달하는 승률까지
속칭 잘나가는(?) 변호사였던 노형진!
그는 정의로운 대한민국을 만들기 위해 커다란 권력에
맞서 싸우던 중 국정원 요원에 의해 무참히 살해당하고 만다.

""죽어서는 안 될 놈인데…""
노형진은 사실 옥황상제가 지상의 타락을
바로잡기 위해 보냈던 인물이었다!
그런 그가 허무하게 저승으로 돌아오자 옥황상제는
다시 한번 노형진을 지상으로 내려보내게 되는데…
＂자기 목숨 줄을 지킬 정도의 힘은 줘야지.""
옥황상제가 말한 그 '힘'의 정체는 과연?

과연 노형진은 자신의 미래와 대한민국의 미래까지
모두 바꿀 수 있을 것인가?!",카카오 웹툰,https://dn-img-page.kakao.com/download/resource?kid=YShZX/hzwBjMORT5/N1eQyXmlmTwtSe44quy7T1&filename=th3
97,98,나쁜 제안 [19세 완전판],"NOVe,황한영",금,웹툰,"“…어떻게 알고 온 거예요?”
“설마, 내가 정말 너 하나를 못 찾아서 지금껏 그냥 뒀을까 봐.”
삼촌이 진 빚에 허덕이며 낮에는 카페에서, 밤에는 바에서 일하던
희수 앞에 7년 전 헤어졌던 남자친구, 석현이 나타났다.
늘 돈 때문에 허덕이는 희수에게 석현은 거절할 수 없는 제안을 하는데.
“그 돈, 나 아마 평생 못 갚을 거예요.”
“그래서. 아쉬운 대로 몸이라도 주겠다는 거야?”
“그걸로 괜찮다면요.”
안 된다는 걸 알면서도 그 손을 잡은 순간
7년 만의 지독한 악연이 되풀이되려 했다.",카카오 웹툰,https://dn-img-page.kakao.com/download/resource?kid=wndsj/hzXan9O5K8/rtw0GTncVXI5OKc3JiXCl0&filename=th3
98,99,악역 소녀는 사랑받기가 부끄러워요,"경아(Terapin),치라,류희온",금,로판,"여주인공 ‘로렛타’를 괴롭히고 
철저히 단죄당하는 악랄한 노예 상인의 딸.
‘멜로디’.

나는 살고 싶어서 잘해준 것뿐인데…

“로레따는 메로디 절대 안 잊어!”
“메로디 없으면 로레따 울 거야!”
“그로니까 메로디 여기루 빨리 데려와야 대!” 

“메로디가 로레따에게 시집왔으면 좋겠어!”
그 끝없는 애정 공세에 얼떨결에 나도 공작가에 들어가게 되고,

“멜로디 양의 곁에 딱 붙어 있을게요.”
그곳에서 어째 더한 ‘멜로디 바보’ 도련님을 만나 버린 것 같다?

악역 소녀인 내가 왜 사랑받고 있는 거지…?",카카오 웹툰,https://dn-img-page.kakao.com/download/resource?kid=h2xfL/hyRyM2MDIh/NLsgpTntACfk54G74RAh6K&filename=th3
99,100,아빠가 너무 강함,"모다인,개벽S",금,소년,"재능도 없고 어리바리한 말단 공무원이 천마가 되어 돌아왔다.

무림에서 숱한 고난을 겪은 뒤, 남은 삶은 평범하게 살겠다고 다짐했는데...

""아빠가 되어 주세요. 제가 졸업할 때까지만.""

팔자에도 없던 딸이 생겨 버렸다?",카카오 웹툰,https://dn-img-page.kakao.com/download/resource?kid=cveolX/hzN2lT0sbX/tANruUmtnJeju7rYBpdQTK&filename=th3
100,101,괴물 황녀님,"진휘,에딧,킨",토,로판,"카뮬리타 제국 최고 마법사이자 완벽한 황녀, 아르벨라는
어느 날, 원인 불명의 병에 걸린다.

여느 때와 같이 끔찍한 고통에 몸부림치던 밤,
그녀는 꿈속에서 자신의 미래를 보게 된다.

그곳에서 웃고 있는 단 한 사람, 이복 여동생 유디트!
천한 노예 태생에 보잘것없는 아이가 감히 내 영광을 빼앗아 가?!
아르벨라는 금단술마저 시도하지만, 결국 비참한 최후를 맞게 된다.

꿈에서 깨 눈물을 흘리기도 잠시,
이렇게 억울하게 죽을 수만은 없기에
아르벨라는 살기 위한 계획을 세우기 시작한다.

1. 미래의 적이 될 여동생을 가까이에 둔다.
2. 장차 금단술의 제물이 될 유디트의 호위기사를 손에 넣는다.

다행히 계획은 순순히 이루어져 두 녀석을 내 손아귀에 넣었는데....
너희들... 왜 자꾸 날 졸졸 따라다니니?
난 너희의 적이란 말이야!

과연 아르벨라는 무사히 살아남을 수 있을까? <괴물 황녀님>",카카오 웹툰,https://dn-img-page.kakao.com/download/resource?kid=qM5Mi/hzVqHCpbAV/AkGYGqY8yS7Hf5QEPpkay0&filename=th3
101,102,토끼와 흑표범의 공생관계,"목인,사담,야식먹는중",토,로판,"내 이름은 비비 래비안.
명망 높은 래비안 가(家)의 토끼 수인이야.

성인이 되면 모두들 인간이 되는 수인의 세계에서
무슨 이유에서인지 나만
열여덟 살이 되는 지금까지 인간화를 하지 못하고 있어.
그런 내가 부끄러우셨는지 
부모님께선 날 흑표범 영토에 버리셨지.

그리고 난, 마치 운명처럼
붉은 눈을 빛내며 날 바라보는 흑표범을 만나게 되었는데―

""잡아먹히는 게 두려워? 그럼 더 울어 봐.""
""다리가 짧아서 그렇잖아, 뚱보 토끼.""
""넌 내가 주워 왔잖아. 그러니까 내 소유인 거지.""

얘… 얘는 정상이 아니었던 것이야~!!!

흑표범도 모자라 사자에, 늑대들까지―
하필 맹수들만 득시글한 이곳에서
아직 새끼 토끼인 나, 잘 살아갈 수 있는 걸까?

가녀린(?) 새끼 토끼 비비의 대모험―
<맹수 소굴에서 살아남기 프로젝트>를 지금 시작합니다!!",카카오 웹툰,https://dn-img-page.kakao.com/download/resource?kid=Ap6TX/hzVqH3vdfa/6iUjRQwKlRoamMbkgpkfi1&filename=th3
102,103,"신성한, 이혼",강태경,토,웹툰,"결혼은 아름답고 이혼은 치열하다. 누구나 지는 싸움, 이혼 소송.",카카오 웹툰,https://dn-img-page.kakao.com/download/resource?kid=bzcBJQ/hzXarxGIYW/ZqmMt2VaOjKGDkZk2Ss3oK&filename=th3
103,104,열애의 품격,"김설희,먼지,꽃제이",토,웹툰,"“숨바꼭질은 재미있었습니까?
술래는 제 취향이 아니더라고요.”

  정의일보 최대 유망주로 일하던 사회부 기자 이별은 어떤 사건의 피해자를 돕기 위해 쓴 자신의 기사가 오히려 독이 되어버린 사건으로 인해, 결국 모든 것을 내려놓고 삼척에서 부모님이 운영하시는 이별수산에서 잔심부름을 시작한다. 동네에 있는 폐건물 파라파라 호텔에서 고양이 4마리를 돌보던 이별 앞에 5개월 전 서울 호텔에서 맞선을 보고 하룻밤을 보낸 서우현이 나타나 막대한 금액의 손해배상을 청구하며 자꾸 이별의 일상을 침범하기 시작한다.
  한편, 삼척에서 어린 개들이 살해당하는 연쇄 개 살인사건이 일어나기 시작하고, 정의일보에서 함께 일했던 기자 선배들이 파라파라 호텔 재개발 건을 취재하면서 조용했던 동네가 떠들썩해지기 시작하는데…!",카카오 웹툰,https://dn-img-page.kakao.com/download/resource?kid=f3O6M/hzMT4mCAJt/MaZexJ3K9bAvo49nYSRKo0&filename=th3
104,105,만렙 플레이어,"넬피,다온스튜디오,비츄",토,소년,"가상 현실 게임, 올림푸스.

인류가 쌓아온 모든 지식과 기록이 하루 아침에 사라진 뒤 현실을 지탱할 수단.

'내 진정한 인생은 이제부터 시작이다!'

그런 세계에 절대악이 등장한다!",카카오 웹툰,https://dn-img-page.kakao.com/download/resource?kid=cOvUD/hzMUaf0kuD/rbgo2UQkkK26ICjqRv6Kd1&filename=th3
105,106,템빨,"이동욱(REDICE STUDIO),Team Argo,박새날",토,소년,"[신영우 (유저 네임: 그리드)]
세계 최고의 가상 현실 게임 <SATISFY>.

현실에서나, 게임 속에서나, 불운은 항상 그의 곁을 맴도는데....
퀘스트 수행 중 우연히 발견한 게임 속 로또, '파그마의 기서'. 
20억 명이 넘는 유저 중 유일한 최강의 레전드리 직업으로 전직.

""어떻게 아직 살아있는 거지...?!""

""뭐, 특별한 건 없고...""


""템빨이죠.""

지긋지긋한 불운과 악몽 같은 빚쟁이 인생에서 벗어난
최강 플레이어 ""그리드"".
고인물도 울고 갈 끝판왕이 찾아온다!

[<SATISFY>에 접속합니다.]


-------------------------------------------------------
웹툰 <템빨>은 매주 토요일 연재됩니다.
-------------------------------------------------------",카카오 웹툰,https://dn-img-page.kakao.com/download/resource?kid=bIFLfT/hy41I0xPNR/T9hM4wcR2U0bK7aJbkHkK1&filename=th3
106,107,사실은 내가 진짜였다,"유운,삼월",토,로판,"아빠에게 사랑받기 위해 철저하게 자신을 억누르며 살아온 키이라.
어느 날 자신이 유일한 친딸이라 주장하는 코제트가 나타나고,
키이라는 가짜라는 죄목으로 처형당하고 만다.

생의 마지막 순간, 코제트는 키이라의 귀에 “사실은 네가 진짜였단다""라는 말을 속삭이는데…
키이라는 그 말을 기억한 채 과거로 회귀한다!

복수도 중요하지만, 가짜 건 진짜 건 무슨 상관이야?
다시 찾은 생, 이젠 나를 위해 자유롭게 살겠어!
친구 사귀기는 처음인 귀염뽀짝 여주의 성장 로맨스.",카카오 웹툰,https://dn-img-page.kakao.com/download/resource?kid=nUctd/hyoXBuG2bB/YAifnZPAKfYhKSrphqYyqK&filename=th3
107,108,가짜를 위한 장소는 없다,"로고,오앤",토,로판,"어미와 공모하여 황녀를 사칭하고, 
마탑과 제국을 이간질하여 전쟁을 일으킨 '가짜 황녀', 필로멜. 
그녀는 모든 죄가 들통나자 사형 당한다. 실로 악당에 어울리는......

""내가, 아니 책 속의 필로멜이 잘못을 했기로서니 죽일 만큼은 아니잖아!""

필로멜은 괴성을 지르며 읽던 책을 던졌다. 
정원에서 주운 수상한 책이 궁금했을 뿐인데 
자신, 아니 책 속의 필로멜 황녀가 죽는다니! 

허구일 뿐이라고 믿고 싶지만, 
어쩐지 이후 일어나는 모든 일들은 그 책과 똑 닮아있는데.

""이렇게 된 이상... 목표는 생존 뿐이야!"" 

과연 필로멜은 수상한 책의 정체를 밝히고 자신의 인생을 찾을 수 있을것인가.",카카오 웹툰,https://dn-img-page.kakao.com/download/resource?kid=Kv3Lg/hyZIeKx1gE/zXQEkaW8VNkhlVnS2qSAp0&filename=th3
108,109,남주의 입양딸이 되었습니다,"또나,라티네",토,로판,"“아이를 입양한다”

어느 날 갑자기 떨어진 북부의 주인 보레오티의 폭탄 발언.
그리고 기적처럼 만난 “검은색”을 지닌 아이.

그런데…

“근☆육이 제일 좋아~ ☆불끈불끈☆ 모여라~ ?(???????)?”
“이두근 (?˙∇˙)?, 삼두근 (?˙∇˙) ?”
“흉근 복근 짜릿해 ???? ??????? )?.”


“…주군, 저희 애들은 저 정도까지는 아니었습니다만.”

아니다. 우리 애가 얼마나 똑똑한데. 일곱 살인데 어려운 말도 많이 알고, 책도 빨리 읽고, 배짱도 있고… 너네 우리 딸이 구운 쿠키 먹어봤나? 아무튼 재능이 넘쳐난단 말이다. 우리 딸은 천재야. 얼굴도 날 닮아서 요즘 부쩍 미모가 꽃을 피우고 있지. 벌써부터 두려울 정도다. 이 내가 말이지.

……그래, 인정한다. 내 딸은 변태다.

이런 조합# 앞으로도 없다#
세상에서 제일 잘난 최강 아빠# 동심이 부패한(?) 애늙은이 딸# 대환장# 티키타카#",카카오 웹툰,https://dn-img-page.kakao.com/download/resource?kid=oszlZ/hzXanWmnzg/P1wdv9BWTLsKd84XpOATR1&filename=th3
109,110,테이밍 마스터,"이야기나무,pallet,박태석",토,소년,"전 세계에서 가장 인지도 높은 VR(가상현실) 게임 ‘카일란’. 
가상현실학과에서도 유명한 자타공인의 게임 폐인 이안. 

서버에서 순위권에 드는 궁수로서 남부러울 것 없는 그가
우연히 획득하게 된 히든 클래스로의 전직을 위해 주위의 반대를 무릅쓰고
93레벨의 캐릭터를 과감히 삭제한다.

그가 선택한 것은 카일란 최고의 노답 직업인 소환술사? 
엎친 데 덮친 격으로 F학점을 피하려면 두 달 안에 
삭제한 캐릭터의 레벨까지 올려야 하는데…

100렙까지는 1년이 걸린다는 극악의 레벨업을 자랑하는 카일란에서
불과 두 달만에 93레벨을 찍기 위한 그의 고군분투가 펼쳐지는데...

레벨 업을 향해 더 빨리, 더 철저하게, 더 끈질기게
『테이밍 마스터』의 전설이 시작된다!",카카오 웹툰,https://dn-img-page.kakao.com/download/resource?kid=N4rMB/hyZIdLd2Ca/OBogFYUXQwt3nktiXo0RlK&filename=th3
110,111,백작가의 불청객들 [19세 완전판],아르누니,토,웹툰,"스캔들이 많고 교양 없기로 유명한 '필데트 백작가'.

백작 부부는 유서 깊은 가문의 명예를 깎아먹는 주범이지만,
다행히 이들 부부의 영특하고 사랑스러운 외아들, '헤이든' 덕분에
필데트 백작가는 그럭저럭 평화를 유지하고 있다.

헤이든은 백작가의 체면을 세워주는 자랑거리인 동시에,
틈만 나면 서로 으르렁거리는 백작 부부의 유일한 연결 고리이자 평화의 구심점이다.
하지만 헤이든이 만든 평화는 깊은 수심을 가리는 얇은 얼음 장막에 불과하다.
그 이면에는 케케묵은 오해와 불신, 그리고 말할 수 없는 비밀이
아득한 어둠 속에 퇴적되어 있기에...

그러던 어느 날, 갑작스럽게 찾아온 불청객들이 얼음 장막 위를 걸어가는데?!

서서히 금이 가는 이들의 평화!
백작가는 불편한 진실을 마주하며 갈등하지만,
오해의 퇴적물 속에는 서로를 소중히 여기는 마음도 보물처럼 함께 있음을 깨닫는다.

오해를 딛고, 불완전한 서로를 보듬고 함께 성장하는 가족의 이야기.",카카오 웹툰,https://dn-img-page.kakao.com/download/resource?kid=bDcGo5/hzMT8IZ8FZ/54gWdfzkufvpN0H7oc6uPk&filename=th3
111,112,보스 인 스쿨 시즌 3,"이훈영,김의권,(주)툰플러스",토,웹툰,"태어날 때부터 싸움에 천부적인 재능을 가졌던 주인공 강세현.

초등학교 시절 중학생 무리와의 싸움으로 경찰서를 가게 되었고,
그 계기로 인해 두번다시는 싸움을 하지 않기로 어머니와 약속을 한다.
어머니와의 약속 때문에 묵묵히 학교생활을 보내던 어느 날..

조직 <썬샤인>의 보스였던 아버지가 죽게되면서 갑작스럽게 조직을 이어받게 된다.

어린 나이에  조직의 회장이 된 세현은 수많은 강적들을 물리치며 아버지 죽음에 대한 진실에 다가서게 되는데.. 


“조직 <썬샤인> 보스 강세현의 고교 액션활극""",카카오 웹툰,https://dn-img-page.kakao.com/download/resource?kid=uFFFk/hzacfeyfPy/ThTUQUkjuDGcI5l9AmheDK&filename=th3
112,113,"의원, 다시 살다","도빈,태선",토,액션무협,"[독점연재]

해외 의료 봉사를 갔다가 내전에 휘말렸다.
환자 대신 반군의 총을 맞고 간신히 눈을 떴는데
아니, 어린아이가 됐잖아?!?

눈앞에 있는 건 부서진 마차와 특이한 복식의 쓰러진 사람들!

""꼭 무림 세계 같네.""

한 명이라도 살리기 위해 응급처치를 하던 중,
이곳이 즐겨 읽던 무협 소설,
[지존천마] 속 세상이라는 것을 알게 되고.

'천하삼대의원' 백린의선을 비롯한 구조대를 만나
내가 구한 이들 중 하나가 이 소설의 주인공,
미래의 천마 '여하륜'이라는 것을 깨닫게 되었다!

""야, 살려 준 은혜가 있으니 형이라 불러라.""

목숨을 구해 준 은혜로 미래의 천마와는 의형제를 맺고,
재능을 눈여겨 본 백린의선과는 사제 지간을 맺어
강호제일신의가 되는 진천희의 일대기!

지금 시작합니다!",카카오 웹툰,https://dn-img-page.kakao.com/download/resource?kid=bAMqnx/hzwBkEv5y1/WPmKg5pDx92yXdauWAYfmK&filename=th3
113,114,로그인 무림,"장철벽,제로빅",토,액션무협,"세상의 경계인 게이트에서 몬스터 사냥을 하는 헌터들이 잘 먹고 잘 사는 시대. 주인공 진태경은 최하위 헌터라 벌이가 시원찮다. 어느 날, 낡은 VR 게임기를 줍게 되고 접속하니 무림의 세계가 펼쳐진다. 우여곡절 끝에 현실로 돌아온 태경은 무림에서 얻었던 힘이 현실에서도 그대로 남아있음을 깨닫는다. 이제 상급 헌터가 되어 돈을 버는 일만 남았는데... 게임 속 NPC 아니, 동료들이 걱정이 되어 다시 무림에 접속하게 되는데!",카카오 웹툰,https://dn-img-page.kakao.com/download/resource?kid=czQ9RE/hzCtfLPVSm/iDnduuIKoYjxwTS0Kzg9dk&filename=th3
114,115,풍운객잔,"미율,김상훈,주비",토,액션무협,"전장의 붉은 악귀 장기린.
북로 전쟁에서 13년 동안 피 튀기는 싸움만 하며 살아왔다.

""평범하게 살거라.""
대장군이 남긴 마지막 한마디.

""평범한 삶의 최고는 객잔 주인이라구요!""
적룡기마대 막내가 해준 한마디 조언.
그 말만 믿고 항주에 왔는데

웬걸,

'평범한 생활'이 전쟁보다 더 어렵다!",카카오 웹툰,https://dn-img-page.kakao.com/download/resource?kid=o8HaE/hzb7uBjwrJ/cmpb3xnCayi8fpf7GKdwa1&filename=th3
115,116,황제와 여기사,"팀이약,헤윰,겨울,안경원숭이",토,로판,"“오늘따라 경이 귀여워 보이는구나.”
“폐하, 어디 불편하십니까?”

미모와 능력을 갖춘 대륙의 패왕, 남자보다 거친 여기사에게 반하다?!
전우애가 연애로 발전하기까지, 진중함과 유머의 황금비로 풀어내는 
새로운 스타일의 ‘여기사 로망’!

때는 전시, 여기사 폴리아나는 적국 아크레아의 군대에 패배한다.
그녀는 남자들의 사회에서 살아남기 위해 필사적으로 노력해 왔으나
이제는 허망히 죽을 신세.

하지만 아크레아의 젊은 왕 룩소스 1세는
그녀의 사투를 보고 뜻밖의 제안을 던진다.

""짐은 꿈이 있다. 계속 남하해 대륙을 일통하고 최초의 황제가 될 것이다. 
어떠냐. 귀경도 짐의 뒤를 따라 세계의 끝을 밟는 것은?”

폴리아나를 인정해 준 룩소스 1세에게 그녀는
평생의 충성을 맹세한다. 기사로서.

그러나 패도의 막바지에서 룩소스 1세는 
폴리아나에 대한 사랑을 자각하고 마는데…….
사랑의 전장에선 황제도 약자일 뿐!

천하일색 황제 VS 철옹성 여기사,
엇갈리는 관계의 끝은 과연?

2016년 여기사물의 뉴웨이브 <황제와 여기사>, 대망의 웹툰화!

=====================
[로고 및 표지 디자인] 디자인 그룹 헌드레드",카카오 웹툰,https://dn-img-page.kakao.com/download/resource?kid=blRad2/hzCtgi6Tup/4TmbaBPCpLr9ohdT39KFyk&filename=th3
116,117,얼어붙은 플레이어의 귀환,"스튜디오 이너스,제리엠",토,소년,"세상이 바뀌고 5년.
최종보스가 나타났다.

[지구 에어리어의 최후의 보스, 서리여왕이 출현합니다.]

최후의 보스!
그녀만 처치하면 예전처럼 살 수 있다!

인류 최고의 플레이어, 어둑서니를 포함한 다섯 명의 플레이어가 마침내 서리여왕을 쓰러뜨리지만...
그들은 기나긴 잠에 빠지는 혹독한 대가를 치뤄야했다.
그로부터 25년 후.

""2층이라니? 서리여왕을 죽이면 끝나는 거 아니었어?""

얼어붙은 동료들을 구하기 위해,

그리고 세상을 구하기 위해.

전설이 된 어둑서니의 이름을 버리고
이제는 신입 플레이어 서준호로 돌아왔다.",카카오 웹툰,https://dn-img-page.kakao.com/download/resource?kid=uUs2t/hzMUaF8cFf/NIQgvwhj4Hotm9zh3nNw10&filename=th3
117,118,가짜 성녀인데 신들이 집착한다,"나상,휘낭시에,준예",토,로판,"5년 뒤, 진짜 성녀가 나타나면 죽게 될 가짜 성녀에게 빙의했다.

성녀에게 떨어지는 월급만 모아도 최소 건물주!
그래서 적당히 성녀 연기를 하다가 도망칠 계획을 세우고 있었는데…

""나를 선택해라, 그렇지 않으면…""
""당신만을 위한 감옥을 준비했습니다. 나의 여신―""
""……""

예상과 다른 반응의 남주들.

『심심해하던 태초의 존재들이 당신을 보며 호기심을 가집니다.』

그리고 의도치 않게 신들의 관심을 한 몸에 받게 된 애리얼.

거기에 이 세상을 멸망시킬 예정인 흑막은
날 죽이기는 커녕 협조하겠다고…?

아니, 나는 신들의 관심이고 세계 멸망이고 관심 없다고! 
그냥 원래 목표대로 건물주가 되게 해줘―!",카카오 웹툰,https://dn-img-page.kakao.com/download/resource?kid=dp9mB/hzMT3HnKgF/iAxltvZf0rF0tbBVkDJkd0&filename=th3
118,119,무련전봉,"막묵,벽가벽","월, 목, 토",액션무협,"제자들의 경쟁이 심하기로 이름난 능력지상주의 문파 ‘능소각’. 
3년이나 수련을 했지만 종파에서 수련 등급이 가장 뒤처져 동기들에게 갖은 수모를 당하던 ‘양준’은 어느 날 의문의 서책 한 권을 발견한다. 
그 서책에는 무도(武道)를 익히는 수련법과 정체 모를 힘이 숨겨져 있는데…… 

과연 ‘양준’은 그 서책을 통해 무도(武道)를 익히고, 험난하고 외로운 싸움에서 무도(武道)의 최고봉까지 올라설 수 있을 것인가?",카카오 웹툰,https://dn-img-page.kakao.com/download/resource?kid=mCS8W/hyQ9THQYHQ/pAkNeBiHlqfKw2QXfKqIW1&filename=th3
119,120,악당 대공님의 귀하디귀한 여동생,"이깜누,감로,혹등고래,루나행,에클레어",토,로판,"전쟁이 난무하는 소설 속, 피도 눈물도 없는 악당의 여동생이 되어 버렸다?!
황족 버금가는 귀족가의 막내딸로 다시 태어나서 꿀 같은 삶이라고 생각했는데, 
이용만 당하는 악당의 여동생이라니!

아이들에게 후계자 싸움을 시키는 잔인히고 극악무도한 집안인 
라그랑주 가에서 살아남기에는 너무나 연약한 아기의 몸..
살기 위해 악당에게 빌붙기로 결심한다! 

여기서 도망칠 때까지 내 보호자가 되어 줘야겠어. 날 키워라, 악당아!",카카오 웹툰,https://dn-img-page.kakao.com/download/resource?kid=geEWs/hzVqK0fcF8/8Dkckh6AjSOnqqriMKT1Pk&filename=th3
120,121,무림세가 천대받는 손녀 딸이 되었다,"열매,시요,마루별",일,로판,"무협지 속 세상으로 빙의한 주인공.
남주인공을 영웅의 길로 이끄는 참스승이자 완전체, 백리의강의
어리석은 민폐딸 백리연으로 빙의한다.

뜻밖의 죽임을 당하고,
눈을 떠보니 모든 것을 되돌릴 수 있는 아이 때로 회귀하는데.

""나, 이번엔 사랑받을 수 있는 거야?""

이번 생에서는 민페딸이 아닌, 엄친딸이 되리라는 일념 하에
백리세가의 천대받는 손녀딸에서
모두에게 부둥부둥 받는 삶을 시작한다. 

꽃길만 걷고 싶은 연이 앞에 나타난 방해물 가족들과,
눈빛만으로도 산천초목조차 벌벌 떠는,
패왕의 기개를 지닌 가주이자 할아버지 백리패혁.

""네게 그만한 가치가 있다 보느냐!""
""네!""

당찬 손녀딸의 기세에 당황함을 감출 틈도 없이

""미약한 희망이라도 있다면 아비된 자로서 어찌 포기할 수 있겠습니까?""
""…벽창호 같으니라고.""

무공 폐인 딸을 살려보겠다고 밉상될 각오로 나서는 절세미남 아들 부녀에게 치여
은근슬쩍 마음을 열기 시작하는 할아버지인데…

이쯤 되면 살 만하다 싶었는데
갑자기 시작된 남주 후보들의 집착까지?

우리 연이, 이젠 진짜 꽃길만 걷자!

--------------------------------
*매주 일요일(토요일 22시) 연재됩니다*",카카오 웹툰,https://dn-img-page.kakao.com/download/resource?kid=U0H4c/hzMT6djERu/KYfMzSz3W2bmSk58zrbKFk&filename=th3
121,122,검술명가 막내아들,"AZI,COBY(Contentslabblue),이제원,황제펭귄",일,소년,"진 룬칸델
대륙 최고의 검술명가, 룬칸델의 막내아들
룬칸델 역사상 최악의 둔재

비참하게 쫓겨나 허무한 최후를 맞이한 그에게
다시 한 번 기회가 주어졌다.

“너는 이 힘을 어떻게 사용하고 싶더냐?”
“저를 위해 사용하고 싶습니다.”

전생의 기억과 압도적인 재능, 그리고 신과의 계약

최강이 될 준비는 끝났다.",카카오 웹툰,https://dn-img-page.kakao.com/download/resource?kid=bKzthG/hzMT8bp1Ic/wN3bk5EEJamPrI1WiOuW10&filename=th3
122,123,내가 딸이에요?,"이영유,플로우",일,로판,"악마 같은 백작에게 입양되어
평생 오두막에 감금된 채 살다 죽음을 맞이한 헤이린. 

눈을 뜨니 일곱 살,
하필이면 백작에게 입양되기 직전 상황으로 회귀했다.

헤이린은 신에게 묻고 싶었다.
도대체 자신이 무얼 잘못했느냐고!

그녀는 신을 원망하며 백작가를 향해 달리는 마차 밖으로 몸을 내던지고
그 길로 신의 축복을 받은 칼리스토 가문의 공작이자
신성함의 상징 빈센트를 만나게 된다. 

그런데
“푸른 피입니다.”

고아인 줄 알았던 그녀가 칼리스토 공작가에서
천 년 만에 태어난 여자아이란다. 

“정말 내가…… 딸이에요?” 

일평생 여자를 멀리하며 금욕적인 삶을 살아온
빈센트는 결코 애가 생길 만한 행동(?)은 한 적이 없다며
아빠임을 부정하는데... 

“……마물인가?”

출생의 비밀을 품은 헤이린의 등장으로
제국과 신성국이 크게 들썩인다!

초보 아빠 빈센트와 초보 딸 헤이린의
서투르지만 사랑스러운 육아물!

==============================

[표지 및 타이틀 로고 디자인] 디자인그룹 헌드레드",카카오 웹툰,https://dn-img-page.kakao.com/download/resource?kid=cc6mM8/hzwBoUYE9n/vxhwfpHY7k3Aspqf5rtrl0&filename=th3
123,124,빙의자를 위한 특혜,"구르,이린비",일,로판,"※사후 세계를 대비하세요!

죽기 직전에 받은 이상한 스팸문자.
죽은 줄 알고 눈떠보니 빙의심사국이다.

정말 사후 세계가 있다고?
책 속으로 빙의될 거라고?

""특별히 선호하는 장르가 있으신가요?""

전생에 덕질로 모든 장르를 섭렵한 나.
다음 생은 귀염 뽀짝한 여자아이가 되어 무한한 사랑을 독차지하는 육아물을 희망했건만.

내가 빙의될 책은ㅡ
생존 난이도 S급,
고구마 가득한 무한회귀물 <세상을 구할 때까지 회귀>다.

거기에서 빙의될 캐릭터는ㅡ
주인공에게 갑질하는 망나니 귀족가ㅡ에서 갑질 당하는 평민 하인의 딸?!

하지만 죽기 직전에 가입한 <빙의생명보험 풀패키지>덕분에 특급 특혜를 얻게 되는데...

덕력에서 얻은 센스와, 보험 특혜와, 신의 편애와 총애로
고구마 가득한 S급 생존물에서 살아남는 이야기!",카카오 웹툰,https://dn-img-page.kakao.com/download/resource?kid=bFpcAU/hzVqEeoMAJ/0ckzUrOQSoPaT9fvEwKmX1&filename=th3
124,125,약탈★마드모아젤 [19세 완전판],"조이,마니,김차차",일,웹툰,"[매주 일요일 연재]

여기 한 남자가 있다. 
왕도에서 가장 잘생긴 남자. 레니에 카발리에르 공작!

하지만 3대에 걸친 사치로 쌓인 부채를 상환해야 하는데! 

그런 그에게 속삭이는 친구의 달콤한 제안 

""있잖아, 그 여자! 해버려, 약탈혼! 

왕도에서 제일 못생긴 여자, 앙리에트 코르테즈! 
열 손가락 안에 드는 대부호의 여식. 
아버지의 죽음으로 어마어마한 자산을 상속 받았다! 

아무리 그래도 그런 쓰레기 짓은 못… 못…
한다!!!! 

술김에. 모든 것은 저질러져 있었다!
근데 어딘가 이상하다. 

자신의 저택에서 해맑게 웃고 있는 이 여자.
 
이 상황에서 웃는 게 납치 당한 여자는 아니어야 하는데,
도대체 무슨 일이 있었던 거지?! 

가장 잘생긴 남자 레니에와 못생기기로 소문난 여자 앙리에트의
약탈혼이 시작된다! 

ⓒ 김차차, 조이, 마니 / 서울미디어코믹스",카카오 웹툰,https://dn-img-page.kakao.com/download/resource?kid=eZ800/hynay7JXL7/XWYazw3xk31pT3Omc4r48K&filename=th3
125,126,소녀 가주가 되었습니다,"MIHY,파도,랄라,단리한",일,로판,"리아르 백작가의 장녀로 빙의했다가 소녀 가장이 되어 버린 아르셀.

원작대로라면 친척들에게 가문의 모든 것을 빼앗기고 어린 동생과 함께 바닷가에서 얼어 죽게 된다. 

가문을 노리는 친척들로부터 어린 동생과 자신을 지키는 유일한 방법은
동부 바다의 수호자라 알려졌지만, 사실은 해적 가문의 수장인 ‘가엘 폰 제나트’와 계약 결혼하는 것!

“리아르가의 해역이 필요한 일을 하고 계시다는 걸 알아요.”
“나랑 결혼해주세요.”

로맨틱한 청혼은 아니었다. 다만 완벽한 거래였다.

그런데…

“조금만 더 나를 가까이 대해 주세요.”

자꾸만 그의 다정함이 느껴진다.",카카오 웹툰,https://dn-img-page.kakao.com/download/resource?kid=N4iJu/hzXardlkWQ/v0vMswZ2rJAtOLnELrC261&filename=th3
126,127,무당기협,"화람,은열",일,액션무협,"저승사자가 이름을 3번 부르면 저승으로 끌려간다지.
[혁련무강.]
[혁련무강.]
[혁련무…]

이 새X야! 난 더 살아야겠으니까 꺼지라고!!!!!
 
필사적으로 불로초를 삼켰더니, 믿지 못하겠지만 살았다.
꿈은 아닐 거라 생각하며 눈을 떴을 때 웬 영감들이 나를 둘러싸고 있네?!

여기가 어딘고 하니? 무당산 무당파?!!!!!!
게다가 내가 여기서 잔심부름이나 하는 소년의 몸에 빙의되었다.
…미친 거 아냐?!!
나는… 나는… 사파에서 제일 쎈, X나 짱 쎈 사패천주 혁련무강이란 말이다!!!
이 시키들아ㅠㅠㅠ 무당파가 웬말이냐고!!

뭐, 이렇게 된 이상 무당파의 대제자가 되어 무림이나 평정해보자.
일단 앞에 이 새X부터 쥐어패고. 흐흐흐.

인성 쓰레기 도사의 무자비, 무관용, 무량수불 무협액션, <무당기협>",카카오 웹툰,https://dn-img-page.kakao.com/download/resource?kid=ctK6a/hyoXyScPwQ/b1ucqPxLyBcIJcoyagZiIk&filename=th3
127,128,갓 오브 블랙필드,"운(雲),신인성,무장",일,웹툰,"""Who am I?""

프랑스 외인부대의 전설 '강찬'!
아프리카 전장에서 그를 상대한 자들은 공포와 경외를 담아
'갓 오브 블랙필드' 검은 땅의 신이라 불렀다.
하지만 수니파 추종 세력 SISS의 수뇌인 마살란 사살 작전에
투입된 강찬은 배후에서 날아든 의문의 총알에 전사하게 되고,
점점 감기는 시야 사이로 압도적인 열세에 자신을 믿고 따르던 동료들이
하나 둘 목숨을 잃어가는 것을 마지막으로 무기력하게 눈을 감는다.
그렇게 배신을 당해 죽음을 기다리고 있던 강찬은 의문의 힘에 의해
3년의 시간을 넘어 '강찬'으로서 대한민국으로 돌아오게 되지만,
그는 19살의 왕따를 당하는 또 다른 '강찬'이었다.

배신자의 복수, 환생에 얽힌 진실을 찾기 위한 강찬의 여정이 시작 된다!",카카오 웹툰,https://dn-img-page.kakao.com/download/resource?kid=BWGfo/hyLjgIkkWO/lxfuiJK76ySKxRzJeBhG5k&filename=th3
128,129,천재 의사 이무진,"김형사,이해날",일,드라마,"『어게인 마이 라이프』, 『오늘은 출근』, 『국회의원 이성윤』 의
인기 작가 이해날 작가의 원작 소설 <의사>가 웹툰으로 다시 태어났다!

동네에서 싸움으로만 명성이 자자한 무진은
우연히 운명 같은 메스 하나를 얻게 된다.

그 메스에는 의문의 의사 아클레가 깃들어 있었고!
""내가 널 의사로 만들어줄게!""
그녀의 한 마디가 무진의 인생을 180도로 뒤바꿔 놓는데!

의술은커녕 민간요법도 모르던 무진은 아클레의 도움으로
주변 사람들의 목숨을 구하면서 점차 의사의 꿈을 키우게 된다.

""좋았어! 이제부터 내 목표는 천재 의사다!!""

문제아 무진은 과연 진정한 의사가 될 수 있을까?

천재 의사 유령 '아클레'의 도움으로
진정한 의사로 거듭나는 무진의 생(生)과 사(死)를 가르는
메디컬 판타지 드라마가 지금 펼쳐집니다!",카카오 웹툰,https://dn-img-page.kakao.com/download/resource?kid=hSYyf/hyCRawX6mA/5cAkUIpOIjyAC53MDDa86K&filename=th3
129,130,닳고닳은 뉴비,"보늬,레고밟았어",일,소년,"서비스 종료까지 앞으로 15년.
오직 나만이 엔딩을 알고 있다.

'나는 고인물이다'",카카오 웹툰,https://dn-img-page.kakao.com/download/resource?kid=ocl2T/hzwBq5R8rR/xAK0f3KEd8i6PI1IYsD2vK&filename=th3
130,131,악녀는 오늘도 즐겁다,"삼월에,스튜,니니양",일,로판,"남친을 빼앗아간 친구가 웃으며 청첩장을?
하! 시원하게 사이다를 날려주고 돌아와 잠들었는데…
깨어나니 미모, 재산, 지능 모든 걸 다 갖춘 로판 속 악녀로 빙의했다.
언니한테 부족한 건 남자 보는 눈뿐이에요.
쓰레기 같은 황태자는 여주한테 버려버리고
우리 돈과 권력을 시원하게 누려보아요!",카카오 웹툰,https://dn-img-page.kakao.com/download/resource?kid=btYH04/hzCtdUNXG8/lDrj1YPyC3Q8iVhinicIM1&filename=th3
131,132,입양된 며느리는 파양을 준비합니다,"햇님달님,녜,채유화",일,로판,"남주 데미안을 괴롭히다 고아원에서 쫓겨나는
원생1 엘리의 몸에 빙의했다.
남주의 양부가 될 슈에츠 공작이 데미안을 찾는 데 일조하고
목숨만 부지하고자 했으나…

""저 아이도 함께 입양하지. 며느리로 들일 거다.""

네? 며느리? 며느리라고요??

당황스럽지만 여주인공 등장 전까지만
데미안을 조금 더 지켜주려 했다.

그런데 이젠―

""엘리, 정부는 안 돼.
난 질투가 많아서 그 자식을 죽여버릴지도 몰라.""
""내 생각도 마찬가지다, 엘리. 바람은 안 돼.""

데미안과 공작의 반응이 점점 더 심상치 않다?!

단역1 엘리의 사랑 넘치는 공작가 입양기,
<입양된 며느리는 파양을 준비합니다>",카카오 웹툰,https://dn-img-page.kakao.com/download/resource?kid=K0nVk/hzKk07h8JQ/QM76TpGWrp9cdd25AstKp1&filename=th3
132,133,나를 버려주세요,"코타비,채로,자은향",일,로판,"희귀병에 걸려 죽은 공녀를 대신해 입양 된 아델.
평생을 사랑받기 위해 애썼지만, 여동생이 태어나자마자 버려지고
정략결혼을 하러 가던 길에 의문의 적들에게 암살 당해 죽고 만다.

""혹시 이거 꿈인가?""

그런데 눈을 뜨니, 왜인지 3년 전 과거로 돌아왔다!
어차피 여동생이 태어나면 버려질 운명이기에, 이번 생에서는 마음대로
살아 보려고 하는데, 어쩐지 자꾸만 인생이 꼬여간다.

""저에게 흥미가 있으셨던 것 아니었습니까?""

게다가 정체불명의 검은 기사는 자꾸만 그녀를 찾아오는데...",카카오 웹툰,https://dn-img-page.kakao.com/download/resource?kid=gfqRb/hzwBrEfU4t/ku8mG6Z7JTEZWnDxIfd8Ek&filename=th3
133,134,역대급 창기사의 회귀,"조후상,스튜디오 이너스,조선생님",일,소년,"무패의 창기사.
기사는 검을 써야만 한다는 고정관념을 철저히 깨부순 
공작 가문의 빛나는 별. 제국의 오랜 내전을 일시에 종식시킨 대영웅. 
그 이름은 바로 '조슈아 샌더스'.

황제의 역대 최강의 창이라고도 불리는 그가 명성에 어울리지 않는     
검붉은 피를 울컥거리고 있었다. 다른 누구도 아닌 자신의 주군, 
카이사르 황제의 손에 의해...
""카이사르, 이렇게 끝날 거라 생각하지 마라!!""
폭발 마법진에 의해 죽음을 앞둔 그 순간, 수십 년을 함께 해온 창 
'루기아'가 엄청난 기운을 내뿜기 시작하는데...
낯이 익은 이곳은 설마... 어렸을 때 살던 마구간?
몸도 어려졌잖아?! 루기아 너 대체 정체가 뭐야?

다시 유년시절로 돌아온 조슈아! 그의 사이다 복수극이 시작된다!",카카오 웹툰,https://dn-img-page.kakao.com/download/resource?kid=eHZcv/hyZ8xJTyO2/as1UpGYxoYFJHaIBx7bAj0&filename=th3
134,135,달려라 메일,"캐롯툰,엘리아냥",일,로판,"""나는 경국지색이잖아.
그럼 내 미모 때문에 나라가 망해야겠네?""

백치미 공주가 나라를 멸망시키는 꿈을 꾸게 된 
공작 영애 메일.

구국의 사명감을 가지고,
얼굴은 예쁘지만 뇌 주름이 부족한 백치미 공주를 따라
제국에서 열리는 황후 간택전에 참여하게 된다. 

그러던 어느 날,
정원 덕후의 본능에 이끌려 들어간 정원에서
가면을 쓴 남자를 만나게 되는데…….

""정말 황제가 자주 오는 정원이라는 걸 몰랐나?""
""폐하께서 그 정도로 한가하신가요?""

그런데…

'왜 황제가 정원에서 나와?!
가면남(?)이 일러바친 거 아니야?'

과연 메일은 황후 간택전을 무사히 치르고
나라를 구할 수 있을까?",카카오 웹툰,https://dn-img-page.kakao.com/download/resource?kid=zFcxT/hzHNwnbwLv/AoXv2KKV4HSEVAGio8pTKK&filename=th3
135,136,데뷔 못 하면 죽는 병 걸림,"장진,소흔,백덕수",일,드라마,"4년 차 공시생,
낯선 몸에 빙의해 3년 전으로 돌아왔다.

그리고 그의 눈앞에 나타난 갑작스러운 상태창의 압박!

[돌발!]
[상태이상: '데뷔가 아니면 죽음을!' 발생!]

돌연사 위협 때문에
팔자에도 없던 아이돌에 도전하게 된
주인공의 대환장 일지.

※특이사항: 빙의 전 아이돌 데이터 찍어다 팔았었음",카카오 웹툰,https://dn-img-page.kakao.com/download/resource?kid=bvwO93/hzR1R9UHRP/QqOJVxVNfxphsBbNTmXOJK&filename=th3
136,137,소꿉친구를 폭군으로 키웠습니다,"정선,랑채",일,로판,"“황좌 같은 건 관심 없어.”

소설 속 남주의 폭군 스위치인 「단명하는 소꿉친구」로 빙의했다. 
나는 소설 내용대로 그를 대신해 죄를 뒤집어 쓰고 죽었고,
이제 현실로 돌아갈 수 있을 거라 생각했는데… 

“……왜 다시 열 살로 돌아온 거지?!”

그것도 그렇고 나의 폭군 꿈나무가 착해도 너무 착하잖아!
제이드의 부드러운 미소 이면의 스산한 눈동자.
아무래도 이 녀석, 뭔가 아는 것 같다.",카카오 웹툰,https://dn-img-page.kakao.com/download/resource?kid=YfuNa/hzVqM4R2Zs/umBe6wCXfEESMh8IHatSl0&filename=th3
137,138,죽음 대신 결혼,"도개비,밀",일,웹툰,"다른 조직의 아들과 계약 결혼을 해야 한다고?!
평온한 일상을 위해 대학 입학 후 싸움만 일삼는 집안과는 연을 완전히 끊고 바르게 살아가고 있는 아가씨, 양혜진.
손부터 먼저 나가는 폭력적인 아버지와 그를 똑 닮은 무식한 오빠를 떠난 지도 9년째,
하지만 가족들은 갑자기 나타나 원하지도 않는 상대 무강과의 결혼을 일방적으로 알린다. 
조직 간의 계약으로 이루어진 정략 결혼,
받아들이지 않으면 죽음 뿐인 이 결혼에서 과연 혜진과 무강은 평생을 맹세할 수 있을까?",카카오 웹툰,https://dn-img-page.kakao.com/download/resource?kid=m6FAL/hzHNzZvXFV/C5e3XKeR8dIRWUeqVwaR0K&filename=th3
138,139,상태창 보는 아기 황녀님,"로지,서리,유리솜사탕",일,로판,"[매주 일요일 연재]

악녀로 억울하게 몰려 처형당하고,
다섯 살로 회귀했다.

그날부터 이상한 파란 창이 보인다.
다른 사람의 속마음을 보여 주는 파란 창.

	[아데르안 에르벨도테]
	직업: 황제 (Lv. 99)
	호감: 90,980,984
	감정: ♡딸♡이 보, 고, 싶, 음

……아버지?
저를 싫어하는 게 아니었나요…?

	[데미안 에르벨도테]
	감정: ♡동생♡을 보니 설렘
	생각: 말 걸고 싶다 ㅠ^ㅠ

	[카르멘 카셀로프]
	감정: 무척 설렘
	생각: 뭐지, 천사인가? 너무 귀엽잖아~!!

항상 차가웠던 오라버니의 상태창도,
나를 늘 경멸했던 마탑주 카르멘의 상태창도
전부 이상하다.

다들 날 싫어하는 줄 알았는데, 아니었잖아?!

상태창에 적힌 문구들이 사실이라면
이번엔 조금 다른 삶을 살 수 있을지도 몰라…!",카카오 웹툰,https://dn-img-page.kakao.com/download/resource?kid=csf6X/hyoXxS3iip/naPSyTQCK7kwQ23vaUCJe1&filename=th3
139,140,"영웅, 회귀하다","앤트스튜디오,윤군,흑아인",일,소년,"인류 최강의 영웅, 김성인
모든 것을 내던지며 분투했지만
결국…… 세상의 멸망은 막지 못했다

하지만 그의 전설은 이제 시작이었으니
성인, 20년 전으로 회귀하다!

“이번에는…… 반드시 잡는다.”

압도적인 재능과 경험으로 무장한 완전체
영웅의 레이드는 아직 끝나지 않았다!",카카오 웹툰,https://dn-img-page.kakao.com/download/resource?kid=gZhie/hzab3L9LGZ/iJqLSm0GvAjwMVD4DkkSk1&filename=th3
140,141,아는 만큼 느끼는,"임글씨,황이들",완결,웹툰,"섹스만 빼면 완벽한 부부, 섹스를 빼면 아무것도 없는 부부. 
어느 날, 옆집 언니와 영혼이 바뀌었다.

근데 이 남자, 
내게 생애 첫 오르가즘을 느끼게 한다.

미친다… 나 어떡하지?


“아내의 의무는 섹스가 아니라 오르가즘이야.”


무엇이 부부를 지탱하는가. 정신인가, 육체인가!?",카카오 웹툰,https://dn-img-page.kakao.com/download/resource?kid=bvJYBj/hzN2ffdOqC/wM0LmMtt36zvBczdiid2l1&filename=th3
141,142,화홍 [19세 완전판],"서윤영,원작 소설 이지환",완결,웹툰,"<1부>
단국의 고고하고 잘난 ‘욱제’ 전하, 어리고 못난 ‘소혜’ 아씨를 중전으로 맞이하였도다. 
허나 욱제 전하, 잉첩인 ‘희란’만 어여삐 여기고, 
조강지처 소혜 아씨, 소박만 주는구나. 
외롭고 힘든 궁궐 생활 홀로 버텨내던 중전마마, 
이제 회임할 수 있는 진짜 여인이 되었으니! 
어느 순간 욱제 전하의 눈길이 중전마마에게로 향하는 것인데ㅡ
두 지존마마, 과연 귀한 사랑의 결실을 이룰 수 있을 것인가? 

로맨스 장편 소설의 대가 이지환 작가의 원작 [화홍]이 
본격 궁중 로맨스 만화로 재탄생!!! 

------------------------------------------------------------------------------------------

<2부>
욱제 전하와 소혜 마마 슬하 
네 분의 왕자님과 두 분의 공주를 두셨으니, 
이는 단국의 큰 복이라~ 
장성하시어 세자빈을 맞이할 보령되신 단국의 세자저하, 
예전부터 맘에 품었던 처자 ‘연희’ 아씨 계셨으나 
연희 아씨 성정 보통 아니라. 
세자빈 되겠노라 저하와 약조해두곤 도망치기 일쑤로구나. 
겨우겨우 세자빈 간택은 되었으나 
간택된 날조차도 궐 담 넘겠다 아둥바둥하던 연희 아씨, 
미리 아씨를 기다리고 있던 세자저하에게 보쌈당해버리니! 
그 밤에 세자저하와 연희 아씨 과연 무슨 일이 있었으려나~?!

더욱 화려하고 더욱 색(色)스러워진 <화홍> 2부! 
각양각색 스타일의 구중궁궐 연애담을 지금 만나보세요~",카카오 웹툰,https://dn-img-page.kakao.com/download/resource?kid=bAHMfV/hzMT5ybr2v/ZSCP7NWWiIAEtTBB4hs2s0&filename=th3
142,143,하지점,YUJU,완결,웹툰,"“키스는, 어떻게 하는 거예요?”


 눈이 끓는다.


“제가 키스를 안 해봐서.. 도와주세요.. 네?”

카페를 운영하는 이혼녀 서하는, 이제 갓 스무 살이 된 알바생 지후에게 묘한 감정을 느낀다.
불행했던 결혼 생활이 문득 떠오를 때마다 지후의 몸을 탐하는 서하.
서하는 지후와의 섹스에 속절없이 빠져든다.

마치 전 남편인 연우와 연애할 때처럼.


“숨 쉬어요. 한 번 더 할 거니까.”",카카오 웹툰,https://dn-img-page.kakao.com/download/resource?kid=btwma2/hynaFZuH1z/HYkdcAXSkBtkAqnMkpwmE1&filename=th3
143,144,그녀가 공작저로 가야 했던 사정,"고래,밀차",완결,로판,"의문의 사망 이후, 소설 속으로 빙의하게 된 재수생 박은하.
하지만 그녀가 빙의한 인물은 주인공도 아닌 약혼자에게 독살당해 죽는 엑스트라, 레리아나 맥밀런?!

그녀가 살아남을 유일한 길은 약혼자와의 파혼뿐!
레리아나(=박은하)는 소설 남주, 노아 윈나이트에게 계약 약혼을 청하게 되는데…….

“단 6개월만 약혼자 흉내를 내주신다면 그 후에는, 공작님 인생에서 깨끗이 사라져 드리죠.”
“좋아. 대신 내가 필요할 때에는 꼭 내 약혼녀로서의 역할을 해내 줘야겠어.”

그러나 노아 이 자식…….
천사 같은 얼굴 뒤에 까만 속내를 감춘 악마보다 더한 놈이었다?!

그녀는 죽음의 운명에서 벗어날 수 있을까?
냉혈 공작, 노아 윈나이트 X 당찬 빙의녀, 레리아나 맥밀런의 파란만장 로맨스 판타지!


[로고 디자인] 디자인그룹 헌드레드",카카오 웹툰,https://dn-img-page.kakao.com/download/resource?kid=czxZHo/hyLi9WYsC6/uazKu7PYTH0JJjouKmfcqK&filename=th3
144,145,웨딩드레스를 벗기는 방법 [19세 완전판],"해피북스투유,아초,요안나",완결,웹툰,"‘결혼식은 하루지만 결혼은 삶이다.’
평소의 신념을 들며 아이힐 대표의 스카우팅을 거절한 재벌 전문 웨딩플래너 이지수.
끝까지 그렇게 돌아섰으면 멋있었을 텐데...
갑자기 떠안은 5억의 빚 때문에 술에 취해 그 남자와 하룻밤을 보내버렸다.
게다가… 키스를 내가 먼저 하셨네요?


“어젠 제가 큰 실수를 한 것 같습니다.”
“제가 왜 이지수 씨를 스카우팅 했는지 압니까? 
……의연함과 책임감이 멋있었습니다. 
이지수 씨, 이렇게 책임감 없는 사람이었습니까?”

이 남자, 32년 만에 처음 우린 명차(名茶)라며 자길 책임지란다.
아니 난 직원이고, 대표님은 대표님이잖아?!!

다이아몬드 티아라 빚과 함께 떠맡아 버린 회사 대표님. 
그런데 이 모든 게 그의 계략이었다?!
사람이건 음식이건 한 번 꽂힌 건 물러섬 없는 그가 보여주는
비즈니스 인수합방(?) 로맨스, <웨딩드레스를 벗기는 방법>",카카오 웹툰,https://dn-img-page.kakao.com/download/resource?kid=JZJ3t/hzMT8bn8c3/eljHJNfkE5YckrJZSGHu5k&filename=th3
145,146,악역에게 청혼받았습니다,"빡킬(Terapin),사동,십삼월의새벽",완결,로판,"악역의 살인 현장을 목격해 버렸다. 심지어 들켰다.
내 인생 종 치는 소리가 여기까지 들리는 것 같다.
그러나 그가 내게 건넨 것은…

""나와 결혼해 줘요.""

반지였다. 그것도 알이 몹시 큰. 이게 무슨 일이야?! 

""영애도 죽는 것보단 이게 나을 텐데요, 결혼합시다, 우리.""

소설 속 악역 최종보스 남주와의 서늘한 결혼생활이 시작됩니다!

[타이틀 로고 디자인: 디자인그룹 헌드레드]",카카오 웹툰,https://dn-img-page.kakao.com/download/resource?kid=hl5uq/hzp2jlQUiX/OuFp20XkEPY8VYC5pktm30&filename=th3
146,147,스윗 드림 (Sweet Dream) [19세 완전판],고슈,완결,웹툰,"사내 연애로 엉망이 된 그녀,
이번엔 팀장님의 탈을 쓴 몽마의 유혹에 빠진다!

사내 연애 실패 후, 이젠 사내연애라면 지긋지긋한 재희.
그녀는 어느 날부터 팀장님이 나오는 꿈을 꾼다.
덕분에 밤잠을 설치고, 업무는 엉망진창.

“이상한 꿈만 꾸더니, 내가 미쳤나 봐!”

재희는 몽마에게 완전히 홀려 꿈이 아닌
현실에서까지 팀장님과 엮이게 되는데…",카카오 웹툰,https://dn-img-page.kakao.com/download/resource?kid=e3Iss/hzN2fsTg27/esZN8KyLoZBlhqDFEFkGtK&filename=th3
147,148,악녀의 남주님(19세 완전판),"R수없음,이하론",완결,웹툰,"유니페 마그놀리아.

여주인공 라엘 카니아의 친구이자 악녀.

소설 속 유니페는
남주 이시드를 사랑하여
그의 사랑을 받는 라엘을 질투해 괴롭히다가
남조 카시안에게

죽임을 당하는 운명이다…

그런데,

""내가 왜 유니페가 된 거야!!""


하지만 다시 생각해보자.

유니페가 죽임을 당하는 건 1년 후니까
일단 이시드를 만나다가
이시드와 라엘이 만나면
빠져나오면 되니까,

일단 만나보는 거야!

그런데,
해도해도 너무 다정하고 따듯한 이 남자와
과연 헤어질 수 있을까?

『악녀의 남주님』 지금부터 시작합니다!",카카오 웹툰,https://dn-img-page.kakao.com/download/resource?kid=bwDGb7/hzKk1y8Uhb/fVJdiF82MShX1xSfniEIL0&filename=th3
148,149,아내가 돌아왔다 [19세 완전판],"신선,정다금,이보나",완결,웹툰,"“이혼해요, 우리.”

사랑 없는 정략결혼.
결혼은 비즈니스일 뿐이라 생각했던 남자, 최무원.
그런 그에게 이혼을 말한 여자, 이유래.
3년이 지난, 어느 날 예상치 못한 장소에서
낯선 관계로 재회하는데…….

“우리 연애할래요?”

아내가 돌아왔다.
그런데 이 여자, 그가 알던 예전의 ‘그 여자’ 맞아?
멈추었던 심장이 뛰기 시작한다.
하필이면 돌아온 아내에게, <아내가 돌아왔다>.",카카오 웹툰,https://dn-img-page.kakao.com/download/resource?kid=bAp70d/hynaCINXYt/qZIocEddpq0RtKZKX8Lzc1&filename=th3
149,150,다행인지 불행인지,"은렌,노희다",완결,로판,"어쩌다 보니 여주인공 등장 전, 남주의 아내 역할을 잠시 맡게 됐다. 이왕 그렇게 된 거 최선을 다해 보려 노력했다. 그랬더니…
“너 같은 아이가 세드릭의 반려가 되어 다행이구나.”

세드릭의 운명적 상대가 나면 그녀는 떠나야만 한다. 어떡하지? 이런 나에게 세드릭이 말했다.

“내가 사랑에 빠진 상대가 당신일 거라는 생각은, 단 한 번도 해본 적 없었습니까?”

여주인공 아델라인이 등장하고 나서도, 똑같이 내게 그렇게 말해줄 거야?",카카오 웹툰,https://dn-img-page.kakao.com/download/resource?kid=c5NA4L/hyRyPdwlCV/WcKIX0FGxV85JThH7RpYL1&filename=th3
150,151,이사님께 고백받았습니다,이태경,완결,웹툰,"후 스포츠 강성하 이사를 보좌한 지 1년.
'이윤서'의 보스 '강성하'는 미혼에 수려한 외모,
젊은 나이에 임원에 올라 회사 내 아이돌 같은 존재이다.

여배우와 염문을 뿌리기도 하고, 알 수 없는 구석도 있는 그이지만,
윤서는 직장 상사로서 유능한 그를 존경하며 자부심을 갖고 그를 모시고 있다. 

성하가 해외출장을 다녀오고, 여느 날과 별 다를 것 없이 바쁘지만 무사히 하루 업무를 마친 어느 날,
윤서는 퇴근길에 성하를 마주치고, 그에게서 뜻밖의 사귀자는 청을 받는데…….",카카오 웹툰,https://dn-img-page.kakao.com/download/resource?kid=bXKEco/hzab6WdrUI/gXbVRMFiykUvE52ZTHjHkK&filename=th3
151,152,신데렐라의 남자 [19세 완전판],"여호경,강미정",완결,웹툰,"꿈인가 싶어...

뜨겁게 사랑했다 부서져버린 첫사랑...
그렇게 긴 시간이후 만난 두사람

부잣집 무남독녀였던 이신아는
이제 재투성이 신데렐라처럼
힘들게 하루하루 살아가는 처지.
그런 그녀 앞에 보란 듯이 성공한
서건우가 나타난다.

과거의 복수를 다짐하며 건우는
신아를 가정부로 고용하는데-",카카오 웹툰,https://dn-img-page.kakao.com/download/resource?kid=lGQga/hzN2kgsKyO/kW7YWKiuM9uEdAMzMY4gK1&filename=th3
152,153,압도적 그대,"꿈꾸는이,토연",완결,웹툰,"""과보호 오빠에게 벗어나서 풋풋한 연애를 꿈꾸는 채경!
매번 날아오는 고백 쪽지를 벗어나고자 채경을 방패로 쓰려는 윤우!
두 사람의 달콤하고 코믹한 러브스토리!""


자신을 과보호하는 오빠 덕분에 제대로 된 연애 하나 못 해 본 신채경.
사회 초년생이 되고 오빠에게 벗어나 자유로운 연애와 독립된 나날을 꿈꾸는데!

입사하자마자 신입사원 연례행사인 잘생긴 기획 실장 정윤우에게
고백하기 벌칙에 걸려버린다.

늘 있었던 벌칙일 뿐인 고백을 수행하는데 들려오는
답변은 전혀 예상치 못한 것!!

“사랑합니다, 실장님!”
“좋습니다. 만나보죠, 우리.”

네?! 지금 실장님의 답변은 그게 아니죠!
꿈꾸던 상큼달달한 로맨스가 제대로 꼬여버렸다!!

이제는 오빠가 아닌 정윤우를 벗어나려는 신입 사원 신채경과
뭔가 꿍꿍이가 있는 듯한 기획 실장 정윤우의 아슬아슬한 공개 연애!",카카오 웹툰,https://dn-img-page.kakao.com/download/resource?kid=cnlnsc/hyZ8y25mMA/QqQrnz0DmbPzkH3Nz2Bpjk&filename=th3
153,154,버림 받은 황비,"인아,정유나",완결,로판,"천년 역사를 자랑하는 카스티나 제국.
모니크 후작가의 외동딸, 아리스티아 라 모니크는
신탁에 의해 예비 황후로 성장한다.
그러나 그녀에게 찾아온 이변!

어느 날, 황궁 호수에 신비한 소녀가 나타나고
그녀가 황후로 추대된다.
결국 아리스티아는 '황후'가 아닌 
'황비'로 궁에 들어가게 되는데….

하지만 아리스티아가 간절히 원했던 건
황후 자리도, 권력도 아닌
오직 황제의 사랑뿐!
그러나……

""죄인 아리스티아 라 모니크는
황족 시해 미수 등의 모든 죄를 물어 참수형에 처한다!""

""나는 그저 당신을 사랑한 죄밖에 없는데…!""

차갑게 외면당하고 짓밟힌 채
형장의 이슬로 사라진 비운의 여인.
운명은 그녀에게 또 한 번의 삶을 부여한다!

""너희 인간에게 주어진 피할 수 없는 결정,
그것이 운명이다.""

열 살로 회귀한 아리스티아.
다시 찾은 아버지의 사랑,
그리고 새로이 시작되는 인연….

""어느 것이 꿈이고, 어느 것이 현실인가.
나의 운명은 다시 반복되는가.""

**********************************************

<항아,리> <롤랑 수도원 사건일지>의 인아 작가와
회귀물의 여왕 정유나 작가가 선사하는
노블코믹의 완성판 <버림 받은 황비>! 
많은 사랑 부탁드립니다!


[로고 및 표지 디자인] 디자인그룹 헌드레드


************************************************


만화 [버림 받은 황비]는 매주 화요일, 주1회 연재됩니다.",카카오 웹툰,https://dn-img-page.kakao.com/download/resource?kid=q212C/hyQ9NA2y1E/1YBj1uuaGmVaCZzXUoWkrk&filename=th3
154,155,괴물 공작가의 계약 공녀,"민작,리아란",완결,로판,"매주 목요일 연재

**************************************************************************************************

철저히 언니만을 위해 이용당하는 삶을 살던, 스페라도 가문의 차녀 레슬리. 
사랑받기 위해 모든 걸 참아 왔지만, 결국 언니의 힘을 증폭시키기 위한 제물로 바쳐지게 된다. 
불구덩이 속에서 알 수 없는 존재들의 도움으로 목숨을 부지한 레슬리는 어둠술사로서 각성하게 되고,
가문의 비밀을 알게 된 그녀는 양녀로 삼을 어린아이를 찾는다는 괴물 공작가의 문을 두드리기로 결심한다.
그렇게 괴물 공작가의 셀바토르 공작을 마주하게 되는데...

""저를 입양해주세요!""
""제국, 아니 대륙 최고의 어둠술사를 얻으실 수 있을 거예요!"" 

여리지만 당차게 자신의 삶을 개척하기 시작하는 레슬리. 
과연 그녀의 운명은?!

웹툰 민작 / 원작 리아란 / 기획 로크미디어

**************************************************************************************************",카카오 웹툰,https://dn-img-page.kakao.com/download/resource?kid=bLI1Qy/hzp2drOvmo/onoCKxCj7oZHSQzlAXoQe0&filename=th3
155,156,밤의 향,보리,완결,웹툰,당신의 살내음과 여름밤의 향기를 난 평생 잊지 않을 거에요,카카오 웹툰,https://dn-img-page.kakao.com/download/resource?kid=ceIyQl/hzKkWw5NWN/NRa5nYt9mqN30vlc5XHknK&filename=th3
156,157,신이라 불리운 사나이[완전판],박봉성,완결,액션무협,주인공 피터팬의 아버지 최해룡은 친구들을 위해 모든 죄를 뒤집어 쓰고 감옥에서 비참하게 병사한다. 그가 이렇게 한 이유는 그 친구들이 자신의 자식들을 잘 돌봐 주겠다는 약속을 했기 때문이었다. 하지만 친구의 희생으로 부를 누리게 된 이들은 최해룡의 자식을 짐으로 여겨 미국으로 입양보내 버린다. 낯선 미국땅에서 피터팬은 살아남기 위해 생사의 고개를 수차례 넘고 그 경험은 피터팬에게 누구도 대항할 수 없는 강함과 거대한 조직의 보스로의 길을 열어 주었다.,카카오 웹툰,https://dn-img-page.kakao.com/download/resource?kid=NJASudyvFCrbND1k&filename=th3
157,158,각설이 공작 [19세 완전판],"유성,렐레",완결,웹툰,"<사기치다 걸려서 결혼해버렸습니다.>

빚만 남기고 죽어버린 아버지, 
계모와 이복 동생의 구박에 견디다 못한 실비아 로렌은 가출 후 전쟁광 아스완 공작성에 숨어든다.

공작 빅터가 출정 나간 탓에 7년 동안 방치 되 온 공작성. 
눈치 빠른 실비아는 오는 길에 적군의 습격을 받았다는 거짓말과 함께 
아스완 공작의 하나뿐인 아이를 임신한 아내인 척 연기한다.

그렇게 공작 부인으로 살던 어느날, 
전쟁터에서 아스완 공작이 죽지 않고 살아 돌아오는데!
실비아를 쫓아내기는 커녕 그녀의 사기행각을 눈감아 주는 빅터.
무시무시한 전쟁광의 공작성에서 과연 실비아 로렌의 운명은?",카카오 웹툰,https://dn-img-page.kakao.com/download/resource?kid=80DAm/hzN2lz3dpg/B7av5bAhf87DOL0zscia1K&filename=th3
158,159,생존결혼 [19세 완전판],지완,완결,웹툰,"꿈인 듯 겹치는 우연? 운명? 이제 당신은 나의 주인

대학 조교로 일하고 있는 채이는 교수님 심부름으로 방문한 회사에서 만난 도헌 때문에 정신이 없다.
그가 꿈에서 하룻밤을 보낸 남자와 너무 똑같기 때문. 
아직도 온몸에 느껴지는 생생한 감각과 또렷한 기억에 그 남자와 이렇게 마주 보고 있는 상황이 당황스럽기까지 하다.

""저기… 혹시 우리 전에 만난 적 있습니까?""

그런데 도헌 역시 채이에게서 기시감을 느끼고, 이상한 불편함과 묘한 떨림 사이에서 벗어나기 위해 그녀와 거리를 두지만 
흩어져 있던 우연과 필연의 조각들은 서로를 자꾸만 끌어당긴다.",카카오 웹툰,https://dn-img-page.kakao.com/download/resource?kid=lHQyr/hyvQKZvBHH/KzJQG9BR0zfcNYg9Jd2JL1&filename=th3
159,160,사내연애,이태경,완결,웹툰,"""팀장님. 아니 이젠… 자기?"" 
매일 아침 나는 두근거리는 마음으로 출근을 준비한다. 새콤달콤 짜릿한 사내 연애!",카카오 웹툰,https://dn-img-page.kakao.com/download/resource?kid=h8cLj/hzMUbseR7q/Uz0PIUE8pvpQ5ISjbcmPV0&filename=th3
