,id,title,director,actor,genre,story,platform,time,age,year,thumb,photo1,photo2,video
0,1,장화신은 고양이: 끝내주는 모험,Tommy Swerdlow,"Antonio Banderas, Salma Hayek, Harvey Guill?n","
애니메이션,?모험,?코미디,?가족
","아홉 개의 목숨 중 단 하나의 목숨만 남은 장화신은 고양이.  마지막 남은 목숨을 지키기 위해 히어로의 삶 대신 반려묘의 삶을 선택한 그에게 찾아온 마지막 기회, 바로 소원을 들어주는 소원별이 있는 곳을 알려주는 지도!  잃어버린 목숨을 되찾고 다시 히어로가 되기를 꿈꾸는 장화신은 고양이는 뜻밖에 동료가 된 앙숙 파트너 '키티 말랑손', 그저 친구들과 함께라면 모든 게 행복한 강아지 '페로'와 함께 소원별을 찾기 위해 길을 떠난다.  그리고 소원별을 노리는 또 다른 빌런들과 마주치게 되는데…",웨이브,"
1시간 43분
    ",All 이용가,2022,https://www.themoviedb.org//t/p/w300_and_h450_bestv2/rKgvctIuPXyuqOzCQ16VGdnHxKx.jpg,https://www.themoviedb.org//t/p/w300_and_h450_bestv2/rKgvctIuPXyuqOzCQ16VGdnHxKx.jpg,https://www.themoviedb.org//t/p/w533_and_h300_bestv2/jr8tSoJGj33XLgFBy6lmZhpGQNu.jpg,https://www.themoviedb.org//video/play?key=zEi_kfkboHE
1,2,메간,Akela Cooper,"Allison Williams, Violet McGraw, Jenna Davis","
SF,?공포,?코미디
","교통사고로 부모를 잃고 혼자가 된 소녀 ‘케이디’. 로봇 엔지니어이자, ‘케이디’의 보호자가 된 ‘젬마’는 ‘케이디’를 안전하게 지켜야 하는 프로그램이 입력된 AI 로봇 ‘메간’을 선물한다. 메간은 언제나 ‘케이디’의 곁을 지켜주며 함께 웃고, 힘들 땐 위로해주는 둘도 없는 친구가 된다. 어느 날, ‘케이디’가 위험에 처하자 ‘메간’은 예측할 수 없는 방향으로 업그레이드되며 감당할 수 없는 일들이 벌어지는데…",웨이브,"
1시간 42분
    ",15 이용가,2022,https://www.themoviedb.org//t/p/w300_and_h450_bestv2/v0TtgXaZZ6NeDxKackgQK9byEDL.jpg,https://www.themoviedb.org//t/p/w300_and_h450_bestv2/v0TtgXaZZ6NeDxKackgQK9byEDL.jpg,https://www.themoviedb.org//t/p/w533_and_h300_bestv2/dlrWhn0G3AtxYUx2D9P2bmzcsvF.jpg,https://www.themoviedb.org//video/play?key=IqdcCma_Ft0
2,3,블랙 아담,C.C. Beck,"Dwayne Johnson, Aldis Hodge, Noah Centineo","
액션,?판타지,?SF
","기원전 가장 번성하고 위대한 고대 국가였지만 현재는 국제 군사 조직 인터갱의 독재 국가로 전락한 칸다크. 인터갱의 눈을 피해 고대 유물을 찾던 '아드리아나'는 우연히 5000년 동안 잠들어 있던 '블랙 아담'을 깨우게 된다.  엄청난 괴력과 스피드, 방탄 능력과 자유자재의 고공비행, 번개를 쏘는 능력까지. 온몸이 무기인 '블랙 아담'은 자신의 앞을 막아서는 인터갱들을 모조리 쓸어버리고 칸다크 국민들은 이에 열광한다. 한편, 그의 폭주를 막기 위해 호크맨, 닥터 페이트, 아톰 스매셔, 사이클론으로 구성된 히어로 군단 '저스티스 소사이어티'가 칸다크에 나타나는데...",웨이브,"
2시간 5분
    ",12 이용가,2022,https://www.themoviedb.org//t/p/w300_and_h450_bestv2/mEdMHGy1FfCUc7PskFO0tibm8jp.jpg,https://www.themoviedb.org//t/p/w300_and_h450_bestv2/mEdMHGy1FfCUc7PskFO0tibm8jp.jpg,https://www.themoviedb.org//t/p/w533_and_h300_bestv2/bQXAqRx2Fgc46uCVWgoPz5L5Dtr.jpg,https://www.themoviedb.org//video/play?key=9qQuoqpw7KA
3,4,폴: 600미터,Scott Mann,"Grace Caroline Currey, Virginia Gardner, Jeffrey Dean Morgan","
스릴러,?드라마
",내려갈 길이 끊겨버린 600미터 TV 타워 위에서  두 명의 친구가 살아남기 위해 펼치는 사상 최초의 고공 서바이벌 여기에서,웨이브,"
1시간 47분
    ",12세-13 이용가,2022,https://www.themoviedb.org//t/p/w300_and_h450_bestv2/8huJowZK1t7MNLEKo3dgLAxmiLW.jpg,https://www.themoviedb.org//t/p/w300_and_h450_bestv2/8huJowZK1t7MNLEKo3dgLAxmiLW.jpg,https://www.themoviedb.org//t/p/w533_and_h300_bestv2/hlxduUs8y9icWGMzYCDLcYHEQ2u.jpg,https://www.themoviedb.org//video/play?key=jOPihnkCNmU
4,5,존 윅: 리로드,Chad Stahelski,"Keanu Reeves, Common, Ian McShane","
액션,?스릴러,?범죄
","업계 최고의 레전드 킬러 존 윅은 과거를 뒤로 한 채 평화로운 삶을 꿈꾸며 은퇴를 선언하지만, 과거 자신의 목숨을 구해 줬던 옛 동료 산티노와의 피로 맺은 암살자들의 룰에 발목을 잡히고 만다. 피의 맹세에 대한 선택권 없이 산티노의 청을 들어줘야만 하는 존 윅은 산티노의 지시대로 로마로 향한다. 국제 암살자 연합의 최고 자리를 탈취하기 위해 자신의 친누나를 대신 암살하라는 산티노의 계획으로 인해 존 윅은 위험에 빠지게 되고, 무려 700만 달러의 현상금에 눈이 먼 전 세계의 암살자들의 총구는 그를 향하는데...",웨이브,"
2시간 2분
    ",18 이용가,2017,https://www.themoviedb.org//t/p/w300_and_h450_bestv2/yF41NLIYplr6ilBAF1KvEUny7DO.jpg,https://www.themoviedb.org//t/p/w300_and_h450_bestv2/yF41NLIYplr6ilBAF1KvEUny7DO.jpg,https://www.themoviedb.org//t/p/w533_and_h300_bestv2/r17jFHAemzcWPPtoO0UxjIX0xas.jpg,https://www.themoviedb.org//video/play?key=qtIaqB1h37A
5,6,아바타,James Cameron,"Sam Worthington, Zoe Salda?a, Sigourney Weaver","
액션,?모험,?판타지,?SF
","가까운 미래, 지구는 에너지 고갈 문제를 해결하기 위해 머나먼 행성 판도라에서 대체 자원을 채굴하기 시작한다. 하지만 판도라의 독성을 지닌 대기로 인해 자원 획득에 어려움을 겪게 된 인류는 판도라의 토착민 나비의 외형에 인간의 의식을 주입, 원격 조종이 가능한 새로운 생명체를 탄생시키는 프로그램을 개발한다. 한편 하반신이 마비된 전직 해병대원 제이크 설리는 아바타 프로그램에 참가할 것을 제안받는다. 그 곳에서 자신의 아바타를 통해 자유롭게 걸을 수 있게 된 제이크는 자원 채굴을 막으려는 나비의 무리에 침투하라는 임무를 부여받는데...",웨이브,"
2시간 42분
    ",12 이용가,2009,https://www.themoviedb.org//t/p/w300_and_h450_bestv2/zygmx5abXeDpr3fWYX4jlXFZ1wh.jpg,https://www.themoviedb.org//t/p/w300_and_h450_bestv2/zygmx5abXeDpr3fWYX4jlXFZ1wh.jpg,https://www.themoviedb.org//t/p/w533_and_h300_bestv2/vL5LR6WdxWPjLPFRLe133jXWsh5.jpg,https://www.themoviedb.org//video/play?key=IZpaMT1H85o
6,7,탑건: 매버릭,Jim Cash,"Tom Cruise, Miles Teller, Jennifer Connelly","
액션,?드라마
",최고의 파일럿이자 전설적인 인물 매버릭은 자신이 졸업한 훈련학교 교관으로 발탁된다. 그의 명성을 모르던 팀원들은 매버릭의 지시를 무시하지만 실전을 방불케 하는 상공 훈련에서 눈으로 봐도 믿기 힘든 전설적인 조종 실력에 모두가 압도된다. 매버릭의 지휘 아래 견고한 팀워크를 쌓아가던 팀원들에게 국경을 뛰어넘는 위험한 임무가 주어지자 매버릭은 자신이 가르친 동료들과 함께 마지막이 될지 모를 하늘 위 비행에 나서는데...,웨이브,"
2시간 11분
    ",12 이용가,2022,https://www.themoviedb.org//t/p/w300_and_h450_bestv2/jeqXUwNilvNqNXqAHsdwm5pEfae.jpg,https://www.themoviedb.org//t/p/w300_and_h450_bestv2/jeqXUwNilvNqNXqAHsdwm5pEfae.jpg,https://www.themoviedb.org//t/p/w533_and_h300_bestv2/AaV1YIdWKnjAIAOe8UUKBFm327v.jpg,https://www.themoviedb.org//video/play?key=dsyVH19Lfeo
7,8,샤잠!,Henry Gayden,"Zachary Levi, Mark Strong, Asher Angel","
액션,?코미디,?판타지
",10대 소년 빌리 뱃슨은 어릴 적 엄마와 헤어진 뒤 위탁 가정을 떠돌고 있다. 한편 어둠의 존재를 봉인 중인 마법사는 자신의 뒤를 이를 후계자를 찾고 있다. 어린 시절 순수하지 못하다는 이유로 마법사에게 거부당한 시바나는 오랜 시간 숨겨진 장소를 찾던 끝에 영원의 바위에 도착하여 7개의 대죄를 해방시키고 어둠의 힘을 얻는다. 이에 마법사는 빌리를 후계자로 정하고 샤잠의 힘을 전수한다. 슈퍼 파워를 얻게 된 빌리는 자신의 능력을 깨닫고 악당을 물리치는 슈퍼히어로로 다시 태어나는데...,웨이브,"
2시간 12분
    ",12 이용가,2019,https://www.themoviedb.org//t/p/w300_and_h450_bestv2/sPZxApU8d90Czd11S60UqOhuP9R.jpg,https://www.themoviedb.org//t/p/w300_and_h450_bestv2/sPZxApU8d90Czd11S60UqOhuP9R.jpg,https://www.themoviedb.org//t/p/w533_and_h300_bestv2/OIGX2lm5tmlCKvZUghtwHzoxxO.jpg,https://www.themoviedb.org//video/play?key=jftd6QlEoTc
8,9,에브리씽 에브리웨어 올 앳 원스,Daniel Kwan,"Michelle Yeoh, Stephanie Hsu, Ke Huy Quan","
액션,?모험,?SF
","남편과 세탁소를 운영하며 근근히 살아가고 있는 이민자 이블린 왕. 20대 시절 남편과 순수한 사랑을 불태우며 모든 것을 뒤로 하고 미국으로 이민을 떠났지만, 50대가 된 지금은 세탁소 운영 등 온갖 일로 허덕이며 단란했던 가족과도 삐그덕거리는 등 고달프게 살고 있다. 세무조사를 받던 중 자신이 멀티버스의 여러 다른 자신들과 연결되어 있음을 알게 되고, 강력한 악의 기운으로부터 모든 우주와 가족을 구해내기 위한 모험에 나서게 되는데...",웨이브,"
2시간 20분
    ",15 이용가,2022,https://www.themoviedb.org//t/p/w300_and_h450_bestv2/aCW0sC55bFnOaUBP2eUGryvAJXf.jpg,https://www.themoviedb.org//t/p/w300_and_h450_bestv2/aCW0sC55bFnOaUBP2eUGryvAJXf.jpg,https://www.themoviedb.org//t/p/w533_and_h300_bestv2/tt79dbOPd9Z9ykEOpvckttgYXwH.jpg,https://www.themoviedb.org//video/play?key=DVK6DvCwAGc
9,10,킬링 맨,Alfonso Pineda Ulloa,"Jos? Mar?a Y?zpik, Shannyn Sossamon, Tommy Flanagan","
액션
","""제수이트""라는 별명을 가진 남자가 자신이 저지르지 않은 범죄로 투옥된다. 아내가 살해당하고 아들이 납치되어 멕시코로 끌려가자 그는 아들을 구출하고 살인에 대한 복수를 위해 정교하고 위험한 계획을 세운다.",웨이브,"
1시간 45분
    ",18+ 이용가,2022,https://www.themoviedb.org//t/p/w300_and_h450_bestv2/fcOTYArjKuAgufwHoTvx8w9UKCv.jpg,https://www.themoviedb.org//t/p/w300_and_h450_bestv2/fcOTYArjKuAgufwHoTvx8w9UKCv.jpg,https://www.themoviedb.org//t/p/w533_and_h300_bestv2/cL0cdccOMzM508ODsWPfHVMMAzo.jpg,없음
10,11,스파이더맨: 노 웨이 홈,Steve Ditko,"Tom Holland, Zendaya, Benedict Cumberbatch","
액션,?모험,?SF
",미스테리오의 계략으로 세상에 정체가 탄로난 스파이더맨 피터 파커는 하루 아침에 평범한 일상을 잃게 된다. 문제를 해결하기 위해 닥터 스트레인지를 찾아가 도움을 청하지만 뜻하지 않게 멀티버스가 열리면서 각기 다른 차원의 불청객들이 나타난다. 닥터 옥토퍼스를 비롯해 스파이더맨에게 깊은 원한을 가진 숙적들의 강력한 공격에 피터 파커는 사상 최악의 위기를 맞게 되는데…,웨이브,"
2시간 28분
    ",12 이용가,2021,https://www.themoviedb.org//t/p/w300_and_h450_bestv2/voddFVdjUoAtfoZZp2RUmuZILDI.jpg,https://www.themoviedb.org//t/p/w300_and_h450_bestv2/voddFVdjUoAtfoZZp2RUmuZILDI.jpg,https://www.themoviedb.org//t/p/w533_and_h300_bestv2/14QbnygCuTO0vl7CAFmPf1fgZfV.jpg,https://www.themoviedb.org//video/play?key=W7edvITC9g4
11,12,스크림,Kevin Williamson,"Melissa Barrera, Mason Gooding, Jenna Ortega","
공포,?미스터리,?스릴러
","잔혹한 살인 사건으로 우즈보로 마을이 충격에 휩싸인 지 25년이 지난 후,  고스트 페이스를 한 새로운 살인마가 다시 십대들을 노리면서 마을의 어두운 비밀이 다시 수면 위로 떠오르는데…",웨이브,"
1시간 54분
    ",18 이용가,2022,https://www.themoviedb.org//t/p/w300_and_h450_bestv2/tk5i99DjBAYTxbdBGAPIBkP6wID.jpg,https://www.themoviedb.org//t/p/w300_and_h450_bestv2/tk5i99DjBAYTxbdBGAPIBkP6wID.jpg,https://www.themoviedb.org//t/p/w533_and_h300_bestv2/ifUfE79O1raUwbaQRIB7XnFz5ZC.jpg,https://www.themoviedb.org//video/play?key=g01vLRKwxFo
12,13,존 윅,Chad Stahelski,"Keanu Reeves, Michael Nyqvist, Ian McShane","
액션,?스릴러
","전설이라 불리던 킬러 존 윅은 사랑하는 여인을 만나 결혼을 하면서 범죄의 세계에서 은퇴한다. 행복도 잠시, 투병 끝에 부인이 세상을 떠나고 그의 앞으로 부인이 죽기 전에 보낸 강아지 한 마리가 선물로 배달된다. 어느 날 그의 차를 탐낸 러시아 마피아의 일원 요세프가 존 윅을 폭행하고 애완견 데이지마저 죽여버리는 일이 벌어진다. 그런데 요세프는 과거 존 윅을 고용한 적 있는 러시아 마피아 보스 비고의 아들이다. 마지막 남은 애완견마저 잃은 존 윅은 이제 그만의 방식으로 복수를 시작하는데...",웨이브,"
1시간 41분
    ",18 이용가,2014,https://www.themoviedb.org//t/p/w300_and_h450_bestv2/b0cwmpfmHfeSau0jQjdbZAqxbpL.jpg,https://www.themoviedb.org//t/p/w300_and_h450_bestv2/b0cwmpfmHfeSau0jQjdbZAqxbpL.jpg,https://www.themoviedb.org//t/p/w533_and_h300_bestv2/7dzngS8pLkGJpyeskCFcjPO9qLF.jpg,https://www.themoviedb.org//video/play?key=4hkqJslR5bg
13,14,"나니아 연대기: 사자, 마녀 그리고 옷장",Andrew Adamson,"Georgie Henley, Skandar Keynes, William Moseley","
모험,?가족,?판타지
","제2차 세계대전 중의 영국. 공습을 피해 디고리 교수의 시골 별장으로 간 페번시가의 네 남매인 피터, 수잔, 에드먼드, 루시는 마법의 옷장을 통해 신비로운 나라 나니아로 들어선다. 말하는 동물들과 켄타우로스, 거인들이 평화롭게 어울려 사는 땅이었던 나니아는 사악한 하얀 마녀 제이디스에 의해 긴 겨울에 감금되어 있다. 게다가 이 겨울에는 크리스마스도 없다. 호기심 많은 루시, 퉁명스러운 에드먼드, 신중한 수잔, 분별 있는 맏이 피터는 고귀한 사자 아슬란의 인도로 제이디스의 싸늘한 주문을 깨는 싸움에 가담한다.",웨이브,"
2시간 23분
    ",ALL 이용가,2005,https://www.themoviedb.org//t/p/w300_and_h450_bestv2/vSY6MgDWD5Ch5I87X8BaxZyydCI.jpg,https://www.themoviedb.org//t/p/w300_and_h450_bestv2/vSY6MgDWD5Ch5I87X8BaxZyydCI.jpg,https://www.themoviedb.org//t/p/w533_and_h300_bestv2/9iRRfMZbnpgHDdKi2lczGGYZXDo.jpg,없음
14,15,프레이 포 더 데블,Robert Zappia,"Jacqueline Byers, Colin Salmon, Christian Navarro","
공포,?스릴러
",과거의 트라우마로 여전히 고통 받고 있는 수녀 앤  구마 의식 학교에서 특별한 재능을 인정받으며 남성 사제에게만 허용되었던 구마 의식 훈련을 받게 되고  그곳에서 만난 환자들을 통해 어릴 적부터 그녀를 괴롭혀 왔던 존재의 실체와 만나게 되는데...,웨이브,"
1시간 33분
    ",12세-13 이용가,2022,https://www.themoviedb.org//t/p/w300_and_h450_bestv2/zNFUrnycnAFp7xukctFg1Ey7YBH.jpg,https://www.themoviedb.org//t/p/w300_and_h450_bestv2/zNFUrnycnAFp7xukctFg1Ey7YBH.jpg,https://www.themoviedb.org//t/p/w533_and_h300_bestv2/94kQGMiFbs5MUTlt7kj9dewsMDi.jpg,https://www.themoviedb.org//video/play?key=rYYZJ8vfkeI
15,16,쥬라기 월드: 도미니언,Colin Trevorrow,"Chris Pratt, Bryce Dallas Howard, Laura Dern","
모험,?액션,?SF
","공룡들의 터전이었던 이슬라 누블라 섬이 파괴된 후,  마침내 공룡들은 섬을 벗어나 세상 밖으로 출몰한다. 지상에 함께 존재해선 안 될 위협적 생명체인 공룡의 등장으로 인류 역사상 겪어보지 못한 사상 최악의 위기를 맞이한 인간들. 지구의 최상위 포식자 자리를 걸고 인간과 공룡의 최후의 사투가 펼쳐진다.",웨이브,"
2시간 27분
    ",12 이용가,2022,https://www.themoviedb.org//t/p/w300_and_h450_bestv2/odxdUZWZ7fBfy3ZRj063wuJnZvo.jpg,https://www.themoviedb.org//t/p/w300_and_h450_bestv2/odxdUZWZ7fBfy3ZRj063wuJnZvo.jpg,https://www.themoviedb.org//t/p/w533_and_h300_bestv2/jauI01vUIkPA0xVsamGj0Gs1nNL.jpg,https://www.themoviedb.org//video/play?key=DSEfRVqjbFA
16,17,바빌론,Damien Chazelle,"Brad Pitt, Margot Robbie, Diego Calva","
드라마,?코미디
","황홀하면서도 위태로운 고대 도시 바빌론에 비유되는 할리우드에서 전성기를 누리고 있는 당대 최고의 스타 잭 콘래드.  누구나 잭과 같은 성공을 꿈꾸지만 아무나 이룰 수 없던 그 때, 화려한 데뷔를 위해 당차게 야망을 좇는 넬리 라로이와 열정적인 청년 매니 토레스가 영화 같은 삶을 꿈꾸며 할리우드에 입성한다. 하지만 할리우드에서는 기존 영화 산업의 틀을 깬 새로운 변화가 시작되고 그 격변의 한가운데에서 잭과 넬리, 그리고 매니는 살아남아 각자의 꿈을 이루기 위해 고군분투하는데...",웨이브,"
3시간 9분
    ",18 이용가,2022,https://www.themoviedb.org//t/p/w300_and_h450_bestv2/5Wnt03vRoKphp1ADWgHKus20vLX.jpg,https://www.themoviedb.org//t/p/w300_and_h450_bestv2/5Wnt03vRoKphp1ADWgHKus20vLX.jpg,https://www.themoviedb.org//t/p/w533_and_h300_bestv2/oCKZAdUROqdlTcUOstqJ1gM8JQt.jpg,https://www.themoviedb.org//video/play?key=xg8OqoLK8J8
17,18,수퍼 소닉 2,Josh Miller,"James Marsden, Ben Schwartz, Tika Sumpter","
액션,?모험,?가족,?코미디
",강력한 파워의 ‘너클즈’와 함께 돌아온 천재 과학자 ‘닥터 로보트닉’에 맞서 지구를 구하기 위해 ‘소닉’과 새로운 파트너 ‘테일즈’가 전 세계를 누비는 스피드 액션 블록버스터.,웨이브,"
2시간 2분
    ",All 이용가,2022,https://www.themoviedb.org//t/p/w300_and_h450_bestv2/arCDDZdvamNY628gWJVjlCycf69.jpg,https://www.themoviedb.org//t/p/w300_and_h450_bestv2/arCDDZdvamNY628gWJVjlCycf69.jpg,https://www.themoviedb.org//t/p/w533_and_h300_bestv2/yEQqrW61rwNuVRHTjgHOAU4dXNE.jpg,https://www.themoviedb.org//video/play?key=7wl6UrO1UjI
18,19,미니언즈 2,Matt Fogel,"Pierre Coffin, Steve Carell, Russell Brand","
애니메이션,?코미디,?가족
","세계 최고의 슈퍼 악당을 꿈꾸는 미니보스 ‘그루’와 그를 따라다니는 미니언들. 어느 날 그루는 최고의 악당 조직 ‘빌런6’의 마법 스톤을 훔치는 데 성공하지만 뉴페이스 미니언 ‘오토’의 실수로 스톤을 잃어버리고 빌런6에게 납치까지 당한다. 미니보스를 구하기 위해 잃어버린 스톤을 되찾아야 하는 ‘오토’, 그리고 쿵푸를 마스터해야 하는 ‘케빈’, ‘스튜어트’, ‘밥’! 올 여름 극장가를 점령할 MCU(미니언즈 시네마틱 유니버스)가 돌아온다!",웨이브,"
1시간 27분
    ",All 이용가,2022,https://www.themoviedb.org//t/p/w300_and_h450_bestv2/1heBUD8o0sgdqLWyeXkylR2POKb.jpg,https://www.themoviedb.org//t/p/w300_and_h450_bestv2/1heBUD8o0sgdqLWyeXkylR2POKb.jpg,https://www.themoviedb.org//t/p/w533_and_h300_bestv2/uMSxXLfH7v30gRNBqsQaSP3yqX5.jpg,없음
19,20,새비지 맨,Randall Emmett,"Jack Huston, Robert De Niro, John Malkovich","
스릴러
","마약 중독을 이겨내고 새로운 삶을 살길 원하는 ‘존’(잭 휴스턴)과 ‘루비’(윌라 피츠제럴드). 둘은 결혼을 약속하고 루비의 형부 ‘피터'(존 말코비치)는 존을 가족으로 따뜻하게 맞아준다. 과거의 죄를 씻고 구원을 바라는 루비의 세례를 앞둔 날, 약물 과다 투여로 죽어 있는 루비를 발견한 존은 절망에 빠지고 그녀를 죽음에 이르게 한 마약 공급책을 끝장내기 위해 복수에 나선다. 마을의 ‘마이크’ 보안관(로버트 드 니로)은 존의 폭주를 막기 위해 뒤를 쫓는데...",웨이브,"
1시간 41분
    ",18 이용가,2022,https://www.themoviedb.org//t/p/w300_and_h450_bestv2/lvaksAQd82i4fJqr16664GcGUTf.jpg,https://www.themoviedb.org//t/p/w300_and_h450_bestv2/lvaksAQd82i4fJqr16664GcGUTf.jpg,https://www.themoviedb.org//t/p/w533_and_h300_bestv2/rodjjIJ8oh9nuBp86PhojcYHTEN.jpg,없음
20,21,늑대사냥,Kim Hong-sun,"Seo In-guk, Jang Dong-yoon, Park Ho-san","
액션,?스릴러,?공포
","동남아시아로 도피한 인터폴 수배자들을 이송할 움직이는 교도소 프론티어 타이탄. 극악무도한 이들과 베테랑 형사들이 필리핀 마닐라 항구에 모이고 탈출을 꿈꾸는 종두, 한국으로 돌아가야만 하는 도일을 비롯해 이들은 각자의 목적과 경계심을 품고 탑승한다. 한국으로 향하던 중, 태평양 한 가운데에서 이들에게는 지금까지 보지 못한 극한의 상황과 마주하게 되는데…",웨이브,"
2시간 2분
    ",18 이용가,2022,https://www.themoviedb.org//t/p/w300_and_h450_bestv2/op2y1gvqKhAh4yAPLwc4PlX3XRv.jpg,https://www.themoviedb.org//t/p/w300_and_h450_bestv2/op2y1gvqKhAh4yAPLwc4PlX3XRv.jpg,https://www.themoviedb.org//t/p/w533_and_h300_bestv2/35nt3MwBzW6RYFjoqOU8POQRSib.jpg,https://www.themoviedb.org//video/play?key=Hkd_9kop8B0
21,22,마녀 Part 2: The Other One,Park Hoon-jung,"Shin Sia, Park Eun-bin, Seo Eun-soo","
액션,?미스터리,?스릴러,?SF
","자윤이 사라진 뒤, 정체불명의 집단의 무차별 습격으로 마녀 프로젝트가 진행되고 있는 아크가 초토화된다. 그곳에서 홀로 살아남은 소녀는 생애 처음 세상 밖으로 발을 내딛고 우연히 만난 경희의 도움으로 농장에서 지내며 따뜻한 일상에 적응해간다. 한편, 소녀가 망실되자 행방을 쫓는 책임자 장과 마녀 프로젝트의 창시자 백총괄의 지령을 받고 제거에 나선 본사 요원 조현, 경희의 농장 소유권을 노리는 조직의 보스 용두와 상해에서 온 의문의 4인방까지 각기 다른 목적을 지닌 세력이 하나 둘 모여들기 시작하면서 소녀 안에 숨겨진 본성이 깨어나는데…",웨이브,"
2시간 17분
    ",15 이용가,2022,https://www.themoviedb.org//t/p/w300_and_h450_bestv2/cah6iIYQBctvCmBjsKGb1NCiygr.jpg,https://www.themoviedb.org//t/p/w300_and_h450_bestv2/cah6iIYQBctvCmBjsKGb1NCiygr.jpg,https://www.themoviedb.org//t/p/w533_and_h300_bestv2/8cV7zcFvazfEY8uStId95FHXcwk.jpg,https://www.themoviedb.org//video/play?key=Iif1qC2GRGs
22,23,악인전,Lee Won-tae,"Ma Dong-seok, Kim Moo-yul, Kim Sung-kyu","
범죄,?액션,?모험
","중부권을 쥐고 흔드는 제우스파 조직의 보스 장동수, 비 내리던 밤 한적한 도로에서 접촉사고를 위장해 접근한 남자에게 불의의 습격을 받는다. 격투 끝에 가까스로 목숨은 건졌지만 조직 보스의 권위와 자존심은 무너지고 만다. 바짝 독이 오른 장동수 앞에 형사 정태석이 나타나 그를 찌른 놈이 연쇄살인범이라며 그날 밤 기억나는 것을 모두 말하라고 한다. 장동수는 얼굴 없는 연쇄살인마와 마주쳐 살아남은 유일한 생존자이자 목격자였다. 자신의 몸에 손 댄 그 놈을 살 떨리게 잡고 싶은 조직의 보스 장동수와 미치도록 범인을 잡고 싶은 강력반 미친개 정태석, 두 사람은 장동수의 조직력과 자본, 정태석의 정보력과 기술력을 이용해 ""K""라 불리는 연쇄살인마를 함께 잡기로 하는데...",웨이브,"
1시간 52분
    ",18 이용가,2019,https://www.themoviedb.org//t/p/w300_and_h450_bestv2/az4OVqXbFVaHoZlktcm7oCm0LZo.jpg,https://www.themoviedb.org//t/p/w300_and_h450_bestv2/az4OVqXbFVaHoZlktcm7oCm0LZo.jpg,https://www.themoviedb.org//t/p/w533_and_h300_bestv2/fI6X3Hd8KvtAuOKVdmxckdNzrx.jpg,https://www.themoviedb.org//video/play?key=3-p9zQyXJnk
23,24,외계+인 1부,Choi Dong-hoon,"Ryu Jun-yeol, Kim Woo-bin, Kim Tae-ri","
SF,?액션,?판타지,?모험
","2022년 현재, 가드와 썬더는 인간의 몸에 가두어진 외계인 죄수를 관리하며 지구에 살고 있다. 어느 날, 서울 상공에 우주선이 나타나고 형사 문도석은 기이한 광경을 목격하게 되는데.. 한편, 630년 전 고려시대 얼치기 도사 무륵과 천둥 쏘는 처자 이안이 엄청난 현상금이 걸린 신검을 차지하기 위해 서로를 속고 속이는 가운데 신검의 비밀을 찾는 두 신선 흑설과 청운, 가면 속의 자장도 신검 쟁탈전에 나선다. 그리고 우주선이 깊은 계곡에서 빛을 내며 떠오르는데…",웨이브,"
2시간 22분
    ",12 이용가,2022,https://www.themoviedb.org//t/p/w300_and_h450_bestv2/i011PWRJcIVe8d9DscLagjRFuXd.jpg,https://www.themoviedb.org//t/p/w300_and_h450_bestv2/i011PWRJcIVe8d9DscLagjRFuXd.jpg,https://www.themoviedb.org//t/p/w533_and_h300_bestv2/baf8eep8af9y7ekjN9X1OW9y01V.jpg,https://www.themoviedb.org//video/play?key=rfbwr5oPO7c
24,25,헤어질 결심,Park Chan-wook,"Tang Wei, Park Hae-il, Lee Jung-hyun","
범죄,?드라마,?미스터리,?로맨스
","산 정상에서 추락한 한 남자의 변사 사건. 담당 형사 해준은 사망자의 아내 서래와 마주하게 된다. 남편의 죽음 앞에서 특별한 동요를 보이지 않는 서래. 경찰은 보통의 유가족과는 다른 서래를 용의선상에 올린다. 해준은 사건 당일의 알리바이 탐문과 신문, 잠복수사를 통해 서래를 알아가면서 그녀에 대한 관심이 점점 커져가는 것을 느낀다. 한편 좀처럼 속을 짐작하기 어려운 서래는 상대가 자신을 의심한다는 것을 알면서도 조금의 망설임도 없이 해준을 대하는데...",웨이브,"
2시간 18분
    ",15 이용가,2022,https://www.themoviedb.org//t/p/w300_and_h450_bestv2/yGXMia1VNEovB7014ldTHwT1r50.jpg,https://www.themoviedb.org//t/p/w300_and_h450_bestv2/yGXMia1VNEovB7014ldTHwT1r50.jpg,https://www.themoviedb.org//t/p/w533_and_h300_bestv2/A1bWhTFQKkhF1yhSKWosSyzn2Hp.jpg,https://www.themoviedb.org//video/play?key=usAv2w4KiMc
25,26,부산행,Yeon Sang-ho,"Gong Yoo, Kim Su-an, Jung Yu-mi","
공포,?스릴러,?SF,?액션
","별거 중인 펀드 매니저 석우는 소원해진 딸 수안의 생일 소원을 들어주기 위해 아내가 있는 부산행 KTX에 오른다. 이내 열차는 좀비의 침투와 감염으로 아수라장으로 변하고, 전국적 재난 뉴스를 차내에서 접한 승객들의 생존가능성은 유일하게 초기 대응에 성공한 도시 부산까지 살아남은 채 도착할 수 있느냐에 달리게 된다. 열차에 몸을 실은 석우와 딸 수안, 상화와 성경 커플, 고등학생 영국, 진희, 그리고 노숙자와 중년의 비즈니스맨 용석은 감염된 사람들의 공격을 피해 열차 안에서 사투를 벌인다.",웨이브,"
1시간 58분
    ",15 이용가,2016,https://www.themoviedb.org//t/p/w300_and_h450_bestv2/nCrh5EQYiYXEIFNrfb4ISm7TOOo.jpg,https://www.themoviedb.org//t/p/w300_and_h450_bestv2/nCrh5EQYiYXEIFNrfb4ISm7TOOo.jpg,https://www.themoviedb.org//t/p/w533_and_h300_bestv2/eT9fTSTjsCCmdQJ62EpxvePGANc.jpg,https://www.themoviedb.org//video/play?key=Eq9Q8f9xAyI
26,27,정사,Kim Jung-hwan,"Han Se-Ah, Jeon Ju-ho, Jeong-uk","
드라마,?로맨스
","""남편한테 들켰다며? 당신 괜찮아?""  ""다 필요 없어. 그냥 하루종일 이것만 하고 싶어!""  퇴직 이후 서점을 운영하며 살던 성민의 무료한 일상에 아름다운 얼굴, 매혹적 몸매를 가진 가희가 나타난다.  발레 학원을 운영하는 가희 또한 남편과의 관계가 석연치 않던 차, 가희와 성민은 지독하게 서로에게 빠져든다.  함께 하면 안 된다는 것을 알기에 더욱 뜨겁게 타오르는 두 사람. 이제 그 지독한 사랑이 파멸을 향해 달려가기 시작한다.",웨이브,"
1시간 31분
    ",청소년관람불가 이용가,2014,https://www.themoviedb.org//t/p/w300_and_h450_bestv2/5nGRaQV5MoVs2AGUP3qyf3BXuuz.jpg,https://www.themoviedb.org//t/p/w300_and_h450_bestv2/5nGRaQV5MoVs2AGUP3qyf3BXuuz.jpg,https://www.themoviedb.org//t/p/w533_and_h300_bestv2/sUOvgaIbehyBlVywa0vGta32cR2.jpg,없음
27,28,신과함께-인과 연,Kim Yong-hwa,"Ha Jung-woo, Ju Ji-hoon, Kim Hyang-gi","
판타지,?액션,?모험
","천 년 동안 48명의 망자를 환생시킨 저승 삼차사, 한 명만 더 환생시키면 그들도 새로운 삶을 얻을 수 있다. 하지만 강림은 원귀였던 수홍을 자신들의 마지막 귀인으로 정한다. 저승법 상 원귀는 소멸되어야하나 염라대왕은 새로운 조건을 내걸며 강림의 제안을 수락한다. 염라의 조건은 성주신이 버티고 있어 저승 차사들이 가는 족족 실패하는 허춘삼 노인을 수홍의 재판이 끝나기 전까지 저승으로 데려오는 것. 허춘삼을 데리러 이승으로 내려간 해원맥과 덕춘, 하지만 성주신의 막강한 힘 앞에 속수무책으로 당하기만 하는데...",웨이브,"
2시간 21분
    ",12 이용가,2018,https://www.themoviedb.org//t/p/w300_and_h450_bestv2/2ETx0U2Q5gUHtPJZiQ3hakTqyaR.jpg,https://www.themoviedb.org//t/p/w300_and_h450_bestv2/2ETx0U2Q5gUHtPJZiQ3hakTqyaR.jpg,https://www.themoviedb.org//t/p/w533_and_h300_bestv2/ul4WiN9EJxsMokdg7z4Y6iisvHS.jpg,https://www.themoviedb.org//video/play?key=53f99njhgB8
28,29,백두산,Lee Hae-jun,"Lee Byung-hun, Ha Jung-woo, Ma Dong-seok","
액션,?모험,?스릴러
","대한민국 관측 역사상 최대 규모의 백두산 폭발 발생. 갑작스러운 재난에 한반도는 순식간에 아비규환이 되고, 남과 북 모두를 집어삼킬 추가 폭발이 예측된다. 사상 초유의 재난을 막기 위해 전유경은 백두산 폭발을 연구해 온 지질학 교수 강봉래의 이론에 따른 작전을 계획하고, 전역을 앞둔 특전사 EOD 대위 조인창이 남과 북의 운명이 걸린 비밀 작전에 투입된다. 작전의 키를 쥔 북한 무력부 소속 일급 자원 리준평과 접선에 성공한 인창. 하지만 준평은 속을 알 수 없는 행동으로 인창을 곤란하게 만든다. 한편, 인창이 북한에서 펼쳐지는 작전에 투입된 사실도 모른 채 서울에 홀로 남은 최지영은 재난에 맞서 살아남기 위해 고군분투하고 그 사이, 백두산 마지막 폭발까지의 시간은 점점 가까워 가는데…",웨이브,"
2시간 8분
    ",12 이용가,2019,https://www.themoviedb.org//t/p/w300_and_h450_bestv2/1n5q3XpEhCe7TnGHzsHs5pwVT8O.jpg,https://www.themoviedb.org//t/p/w300_and_h450_bestv2/1n5q3XpEhCe7TnGHzsHs5pwVT8O.jpg,https://www.themoviedb.org//t/p/w533_and_h300_bestv2/h9DIlghaiTxbQbt1FIwKNbQvEL.jpg,https://www.themoviedb.org//video/play?key=Evu7gHNqhT4
29,30,신과함께-죄와 벌,Kim Yong-hwa,"Ha Jung-woo, Cha Tae-hyun, Ju Ji-hoon","
드라마,?판타지,?액션
","살인, 나태, 거짓, 불의, 배신, 폭력, 천륜 7개의 지옥에서 7번의 재판을 무사히 통과한 망자만이 환생하여 새로운 삶을 시작할 수 있다. 화재 사고 현장에서 여자아이를 구하고 죽음을 맞이한 소방관 자홍, 그의 앞에 저승차사 해원맥과 덕춘이 나타난다. 자신의 죽음이 아직 믿기지도 않는데 덕춘은 정의로운 망자이자 귀인이라며 그를 치켜세운다. 저승으로 가는 입구, 초군문에서 그를 기다리는 또 한 명의 차사 강림, 그는 차사들의 리더이자 앞으로 자홍이 겪어야 할 7개의 재판에서 변호를 맡아줄 변호사이기도 하다. 염라대왕에게 천년 동안 49명의 망자를 환생시키면 자신들 역시 인간으로 환생시켜 주겠다는 약속을 받은 삼차사들, 그들은 자신들이 변호하고 호위해야 하는 48번째 망자이자 19년 만에 나타난 의로운 귀인 자홍의 환생을 확신하지만, 각 지옥에서 자홍의 과거가 하나 둘씩 드러나면서 예상치 못한 고난과 맞닥뜨리는데…",웨이브,"
2시간 19분
    ",12 이용가,2017,https://www.themoviedb.org//t/p/w300_and_h450_bestv2/5j2YVF7VouLG0Ze96SEsj4DnVQM.jpg,https://www.themoviedb.org//t/p/w300_and_h450_bestv2/5j2YVF7VouLG0Ze96SEsj4DnVQM.jpg,https://www.themoviedb.org//t/p/w533_and_h300_bestv2/wyv2Y9vXYJwJzF6cNVuVwVOsOUj.jpg,https://www.themoviedb.org//video/play?key=SC_JhOyvCXw
30,31,범죄도시 2,Lee Sang-yong,"Ma Dong-seok, Son Suk-ku, Choi Gwi-hwa","
액션,?범죄
","가리봉동 소탕작전으로부터 4년이 지난 2008년, 금천경찰서 강력반은 베트남으로 도주한 용의자를 인도받아 오라는 미션을 받는다. 그렇게 현지를 물색하던 마석도와 전일만은 용의자에게 미심쩍음을 느껴 추궁한 끝에, 악랄한 강해상의 존재를 알게 된다. 두 형사는 수사권이 없는 상황에도 한국과 베트남을 오가며 역대급 범죄를 저지르는 그를 잡겠다는 일념 하나로 호찌민 이곳저곳을 거침없이 누빈다.",웨이브,"
1시간 46분
    ",15 이용가,2022,https://www.themoviedb.org//t/p/w300_and_h450_bestv2/wxNUnSzuMgsT8DFkZjX9GtfOKJX.jpg,https://www.themoviedb.org//t/p/w300_and_h450_bestv2/wxNUnSzuMgsT8DFkZjX9GtfOKJX.jpg,https://www.themoviedb.org//t/p/w533_and_h300_bestv2/eGyvNUw7Kess2QfgtqZjAHC7DqW.jpg,https://www.themoviedb.org//video/play?key=cpFXov0VvBY
31,32,연애 빠진 로맨스,Jeong Ga-young,"Jun Jong-seo, Son Suk-ku, Gong Min-jeung","
로맨스,?코미디
","일도 연애도 마음대로 되지 않는 스물아홉 자영, 전 남친과의 격한 이별 후 호기롭게 연애 은퇴를 선언했지만 참을 수 없는 외로움에 못 이겨 최후의 보루인 데이팅 어플로 상대를 검색한다. 일도 연애도 호구 잡히기 일쑤인 서른셋 우리, 뒤통수 제대로 맞은 연애의 아픔도 잠시  편집장으로부터 19금 칼럼을 떠맡게 되고 데이팅 어플에 반강제로 가입하게 된다. 1도 기대하지 않았지만, 1일 차부터 둘은 서로에게 급속도로 빠져들게 되고 연애인 듯 아닌 듯 미묘한 관계 속에 누구 하나 속마음을 쉽게 터놓지 못하는데...",웨이브,"
1시간 34분
    ",15 이용가,2021,https://www.themoviedb.org//t/p/w300_and_h450_bestv2/hYbAzG9EZoKWjFa64XvISlQzeJ5.jpg,https://www.themoviedb.org//t/p/w300_and_h450_bestv2/hYbAzG9EZoKWjFa64XvISlQzeJ5.jpg,https://www.themoviedb.org//t/p/w533_and_h300_bestv2/qjiDAloN0AlF3J0qUmefYhhsrLH.jpg,https://www.themoviedb.org//video/play?key=03jxMkPJEPQ
32,33,감기,Kim Sung-soo,"Jang Hyuk, Soo Ae, Park Min-ha","
액션,?SF
","밀입국 노동자들을 분당으로 실어 나른 남자가 원인불명의 바이러스에 감염되어 사망한다. 환자가 사망한지 채 24시간이 되지 않아 분당의 모든 병원에서 동일한 환자들이 속출한다. 사망자들은 기하급수적으로 늘어나지만 분당의 시민들은 무방비상태로 바이러스에 노출된다. 감염의 공포가 대한민국을 엄습하고, 호흡기를 통해 초당 3.4명 감염, 36시간 내 사망에 이르는 사상 최악의 바이러스에 정부는 2차 확산을 방지하기 위해 국가 재난사태를 발령, 급기야 도시 폐쇄라는 초유의 결정을 내린다. 피할 새도 없이 격리된 사람들은 일대혼란에 휩싸이게 되고, 대재난 속 사랑하는 이들을 구하기 위한 사람들과 죽음에서 살아 남기 위한 사람들은 목숨을 건 사투를 시작하는데…",웨이브,"
2시간 1분
    ",15 이용가,2013,https://www.themoviedb.org//t/p/w300_and_h450_bestv2/7fQlPXebfjEqjysW3rv4RyNplih.jpg,https://www.themoviedb.org//t/p/w300_and_h450_bestv2/7fQlPXebfjEqjysW3rv4RyNplih.jpg,https://www.themoviedb.org//t/p/w533_and_h300_bestv2/uFwnUQ3ZwE5EbBEDBzs1bRPlOx8.jpg,https://www.themoviedb.org//video/play?key=WF7QgKiyIMA
33,34,반도,Yeon Sang-ho,"Gang Dong-won, Lee Jung-hyun, Lee Re","
액션,?공포,?스릴러
",전대미문의 재난 이후 4년이 흐른 대한민국은 버려진 땅이 되어버렸다. 사람들은 고립된 섬이 된 반도에 갇혔고 누구의 생사도 확인할 수 없는 상황에서 정석은 피할 수 없는 미션을 받고 한국 땅에 다시 발을 들인다. 정석은 미지의 세계인 그곳에서 예상치 못한 습격을 받고 일촉즉발의 순간 ‘반도’의 생존자들을 만나게 된다.,웨이브,"
1시간 55분
    ",15 이용가,2020,https://www.themoviedb.org//t/p/w300_and_h450_bestv2/gqRUcdZ7gBrC89PbqYWgJ0XCH7E.jpg,https://www.themoviedb.org//t/p/w300_and_h450_bestv2/gqRUcdZ7gBrC89PbqYWgJ0XCH7E.jpg,https://www.themoviedb.org//t/p/w533_and_h300_bestv2/d2UxKyaJ5GgzuHaSsWinFfv3g6L.jpg,https://www.themoviedb.org//video/play?key=h2Q5ZFAXhKk
34,35,브로커,Hirokazu Kore-eda,"Song Kang-ho, Gang Dong-won, Bae Doona","
드라마,?코미디
","세탁소를 운영하지만 늘 빚에 시달리는 상현과 베이비 박스 시설에서 일하는 보육원 출신의 동수. 거센 비가 내리는 어느 날 밤, 그들은 베이비 박스에 놓인 한 아기를 몰래 데려간다. 하지만 이튿날, 생각지 못하게 엄마 소영이 아기 우성을 찾으러 돌아온다. 아기가 사라진 것을 안 소영이 경찰에 신고하려 하자 솔직하게 털어놓는 두 사람. 우성이를 잘 키울 적임자를 찾아 주기 위해서 그랬다는 변명이 기가 막히지만 소영은 우성이의 새 부모를 찾는 여정에 상현, 동수와 함께하기로 한다. 한편 이 모든 과정을 지켜본 형사 수진과 후배 이형사. 반 년째 이어온 수사를 마무리할 수 있는 결정적 증거를 포착하기 위해 이들의 뒤를 조용히 쫓는다.",웨이브,"
2시간 9분
    ",12 이용가,2022,https://www.themoviedb.org//t/p/w300_and_h450_bestv2/8pAoMLsA1h3z2uXvt353P5aScPO.jpg,https://www.themoviedb.org//t/p/w300_and_h450_bestv2/8pAoMLsA1h3z2uXvt353P5aScPO.jpg,https://www.themoviedb.org//t/p/w533_and_h300_bestv2/dom8lzl2iU46nDu6s4lBolBNjQs.jpg,https://www.themoviedb.org//video/play?key=5NlxY-hidkI
35,36,곤지암,Jung Bum-shik,"Wi Ha-jun, Park Ji-hyun, Oh Ah-yeon","
공포,?미스터리
","1979년 환자 42명의 집단 자살과 병원장의 실종 이후, 섬뜩한 괴담으로 둘러싸인 곤지암 정신병원으로 공포체험을 떠난 7명의 멤버들. 원장실, 집단 치료실, 실험실, 열리지 않는 402호. 괴담의 실체를 담아내기 위해 병원 내부를 촬영하기 시작하던 멤버들에게 상상도 못한 기이하고 공포스러운 일들이 실제로 벌어지기 시작 하는데…",웨이브,"
1시간 34분
    ",15 이용가,2018,https://www.themoviedb.org//t/p/w300_and_h450_bestv2/sCLqWiJxp2rq2wuvuv8N2KvaNhB.jpg,https://www.themoviedb.org//t/p/w300_and_h450_bestv2/sCLqWiJxp2rq2wuvuv8N2KvaNhB.jpg,https://www.themoviedb.org//t/p/w533_and_h300_bestv2/cIGKR70sYFEoI5A7bdt821hbrXA.jpg,https://www.themoviedb.org//video/play?key=ePWUMuK-F9Q
36,37,올드보이,Park Chan-wook,"Choi Min-sik, Yoo Ji-tae, Kang Hye-jung","
드라마,?스릴러,?미스터리,?액션
","오대수는 어느 날 술이 거나하게 취해 집에 돌아가는 길에 누군가에게 납치, 사설 감금방에 갇히게 된다. 중국집 군만두만을 먹으며 8평이라는 제한된 공간에서 그가 할 수 있는 일이라곤 텔레비전 보는 게 전부. 1년이 지났을 무렵, 뉴스를 통해 나오는 아내의 살해소식. 게다가 아내의 살인범으로 자신이 지목되고 있음을 알게 된 오대수는 복수와 탈출을 위해 감금방 한쪽 구석을 쇠젓가락으로 파기 시작한다. 감금 15년을 맞이하는 해, 마침내 사람 몸 하나 빠져나갈 만큼의 탈출구가 생겼을 때, 어이없게도 15년 전 납치됐던 바로 그 장소로 풀려나 있는 자신을 발견하게 된다.",웨이브,"
2시간
    ",18 이용가,2003,https://www.themoviedb.org//t/p/w300_and_h450_bestv2/xpa9ybm6tYGna5LseqSXvKpSSJn.jpg,https://www.themoviedb.org//t/p/w300_and_h450_bestv2/xpa9ybm6tYGna5LseqSXvKpSSJn.jpg,https://www.themoviedb.org//t/p/w533_and_h300_bestv2/tcbzsdWpdidbN7zbOymlRKfIHVg.jpg,https://www.themoviedb.org//video/play?key=5NOd9-BwpPE
37,38,마녀,Park Hoon-jung,"Kim Da-mi, Cho Min-soo, Park Hee-soon","
액션,?미스터리,?SF
","10년 전 의문의 사고가 일어난 시설에서 홀로 탈출한 후 모든 기억을 잃은 자윤. 나이도, 이름도 모르는 자신을 거두고 키워준 노부부의 보살핌으로  씩씩하고 밝은 여고생으로 자라났다. 어려운 집안사정을 돕기 위해 상금이 걸린 오디션 프로그램에 출연한 자윤, 방송이 나간 직후부터 의문의 인물들이 그녀 앞에 나타난다. 자윤의 주변을 맴돌며 날카롭게 지켜보는 남자 귀공자, 그리고 과거 사고가 일어난 시점부터 사라진 아이를 찾던 닥터 백과 미스터 최까지 자신은 전혀 기억하지 못하는 그들의 등장으로, 자윤은 혼란에 휩싸이게 되는데...",웨이브,"
2시간 5분
    ",15 이용가,2018,https://www.themoviedb.org//t/p/w300_and_h450_bestv2/979reU4oeyHuqQn8D8zHrmUUq6P.jpg,https://www.themoviedb.org//t/p/w300_and_h450_bestv2/979reU4oeyHuqQn8D8zHrmUUq6P.jpg,https://www.themoviedb.org//t/p/w533_and_h300_bestv2/rQ7hQ0fXhg6fZAXlRbIvou1QuMX.jpg,https://www.themoviedb.org//video/play?key=SEUyEpGHcsA
38,39,"장화, 홍련",Kim Jee-woon,"Lim Soo-jung, Moon Geun-young, Yum Jung-ah","
드라마,?공포,?미스터리
","인적이 드문 시골, 이름 모를 들꽃들이 소담하게 피어 있는 신작로 끝에 일본식 목재 가옥이 홀로 서 있다. 낮이면 피아노 소리가 들려 올 듯 아름다운 그 집은 그러나,어둠이 내리면 귀기 서린 음산함을 뿜기 시작한다. 예사롭지 않은 기운이 서려 있는 이 집에서 어른도 아이도 아닌 아름다운 두자매. 수미.수연이, 아름답지만 신경이 예민한 새엄마와 함께 살게 된 그날. 그 가족의 괴담이 시작된다.",웨이브,"
1시간 55분
    ",12 이용가,2003,https://www.themoviedb.org//t/p/w300_and_h450_bestv2/aPUxyX8mfxMEgOvbzPyNhNkdfN.jpg,https://www.themoviedb.org//t/p/w300_and_h450_bestv2/aPUxyX8mfxMEgOvbzPyNhNkdfN.jpg,https://www.themoviedb.org//t/p/w533_and_h300_bestv2/y923c7H8rnP5V1pxuXZegeyhp7t.jpg,https://www.themoviedb.org//video/play?key=DVcEO8r2ouM
39,40,설국열차,Bong Joon-ho,"Chris Evans, Song Kang-ho, John Hurt","
액션,?SF,?드라마
","기상 이변으로 모든 것이 꽁꽁 얼어붙은 지구, 살아남은 사람들을 태운 기차 한 대가 끝없이 궤도를 달리고 있다. 춥고 배고픈 사람들이 바글대는 빈민굴 같은 꼬리칸, 그리고 선택된 사람들이 술과 마약까지 즐기며 호화로운 객실을 뒹굴고 있는 앞쪽칸. 열차 안의 세상은 결코 평등하지 않다. 기차가 달리기 시작한 17년째, 꼬리칸의 젊은 지도자 커티스는 긴 세월 준비해 온 폭동을 일으킨다. 기차의 심장인 엔진을 장악하고 기차 전체를 해방시키기 위해 절대권력자 윌포드가 도사리고 있는 엔진 칸을 향해 질주하는 커티스와 꼬리칸 사람들. 그들 앞에 예기치 못한 상황들이 기다리고 있는데...",웨이브,"
2시간 7분
    ",15 이용가,2013,https://www.themoviedb.org//t/p/w300_and_h450_bestv2/pRZMtKQpP3fH84YXs02yytUk4ee.jpg,https://www.themoviedb.org//t/p/w300_and_h450_bestv2/pRZMtKQpP3fH84YXs02yytUk4ee.jpg,https://www.themoviedb.org//t/p/w533_and_h300_bestv2/33dV6HAnXBmwKl640gO3U4auqUN.jpg,https://www.themoviedb.org//video/play?key=xVh3bh0N68Q
